patnr,gschl,nname,vname,gbdat,gbnam,namzu,glrand,famst,telf1,rvnum
4641202,2,Soler,Joana,12/05/1935,Rodríguez,Sra.,ES,CASADO,9354764369,84358426112
4641203,2,Soler,Joana,12/05/1935,Rodríguez,Sra.,ES,CASADO,9354764369,84358426112
4641204,2,Soler,Joana,12/05/1935,Rodríguez,Sra.,ES,CASADO,9354764369,84358426112
4641205,2,Soler,Joana,12/05/1935,Rodríguez,Sra.,ES,CASADO,9354764369,84358426112
4641206,2,Soler,Joana,12/05/1935,Rodríguez,Sra.,ES,CASADO,9354764369,84358426112
4641207,2,Soler,Joana,12/05/1935,Rodríguez,Sra.,ES,CASADO,9354764369,84358426112
4641208,2,Soler,Joana,12/05/1935,Rodríguez,Sra.,ES,CASADO,9354764369,84358426112
4641209,2,Soler,Joana,12/05/1935,Rodríguez,Sra.,ES,CASADO,9354764369,84358426112
4641210,2,Soler,Joana,12/05/1935,Rodríguez,Sra.,ES,CASADO,9354764369,84358426112
4641211,2,Soler,Joana,12/05/1935,Rodríguez,Sra.,ES,CASADO,9354764369,84358426112
4641212,2,Soler,Joana,12/05/1935,Rodríguez,Sra.,ES,CASADO,9354764369,84358426112
4641213,2,Soler,Joana,12/05/1935,Rodríguez,Sra.,ES,CASADO,9354764369,84358426112
4641214,2,Soler,Joana,12/05/1935,Rodríguez,Sra.,ES,CASADO,9354764369,84358426112
4641215,2,Soler,Joana,12/05/1935,Rodríguez,Sra.,ES,CASADO,9354764369,84358426112
4641216,2,Soler,Joana,12/05/1935,Rodríguez,Sra.,ES,CASADO,9354764369,84358426112
4641217,2,Soler,Joana,12/05/1935,Rodríguez,Sra.,ES,CASADO,9354764369,84358426112
4641218,2,Soler,Joana,12/05/1935,Rodríguez,Sra.,ES,CASADO,9354764369,84358426112
4641219,2,Soler,Joana,12/05/1935,Rodríguez,Sra.,ES,CASADO,9354764369,84358426112
4641220,2,Soler,Joana,12/05/1935,Rodríguez,Sra.,ES,CASADO,9354764369,84358426112
4641221,2,Soler,Joana,12/05/1935,Rodríguez,Sra.,ES,CASADO,9354764369,84358426112
4641222,2,Soler,Joana,12/05/1935,Rodríguez,Sra.,ES,CASADO,9354764369,84358426112
4641223,2,Soler,Joana,12/05/1935,Rodríguez,Sra.,ES,CASADO,9354764369,84358426112
4641224,2,Soler,Joana,12/05/1935,Rodríguez,Sra.,ES,CASADO,9354764369,84358426112
4641225,2,Soler,Joana,12/05/1935,Rodríguez,Sra.,ES,CASADO,9354764369,84358426112
4641226,2,Soler,Joana,12/05/1935,Rodríguez,Sra.,ES,CASADO,9354764369,84358426112
4641227,2,Soler,Joana,12/05/1935,Rodríguez,Sra.,ES,CASADO,9354764369,84358426112
4641228,2,Soler,Joana,12/05/1935,Rodríguez,Sra.,ES,CASADO,9354764369,84358426112
4641229,2,Soler,Joana,12/05/1935,Rodríguez,Sra.,ES,CASADO,9354764369,84358426112
4641230,2,Soler,Joana,12/05/1935,Rodríguez,Sra.,ES,CASADO,9354764369,84358426112
4641231,2,Soler,Joana,12/05/1935,Rodríguez,Sra.,ES,CASADO,9354764369,84358426112
4641232,2,Soler,Joana,12/05/1935,Rodríguez,Sra.,ES,CASADO,9354764369,84358426112
4641233,2,Soler,Joana,12/05/1935,Rodríguez,Sra.,ES,CASADO,9354764369,84358426112
4641234,2,Soler,Joana,12/05/1935,Rodríguez,Sra.,ES,CASADO,9354764369,84358426112
4641235,2,Soler,Joana,12/05/1935,Rodríguez,Sra.,ES,CASADO,9354764369,84358426112
4641236,2,Soler,Joana,12/05/1935,Rodríguez,Sra.,ES,CASADO,9354764369,84358426112
4641237,2,Soler,Joana,12/05/1935,Rodríguez,Sra.,ES,CASADO,9354764369,84358426112
4641238,2,Soler,Joana,12/05/1935,Rodríguez,Sra.,ES,CASADO,9354764369,84358426112
4641239,2,Soler,Joana,12/05/1935,Rodríguez,Sra.,ES,CASADO,9354764369,84358426112
4641240,2,Soler,Joana,12/05/1935,Rodríguez,Sra.,ES,CASADO,9354764369,84358426112
4641241,2,Soler,Joana,12/05/1935,Rodríguez,Sra.,ES,CASADO,9354764369,84358426112
4641242,2,Soler,Joana,12/05/1935,Rodríguez,Sra.,ES,CASADO,9354764369,84358426112
4641243,2,Soler,Joana,12/05/1935,Rodríguez,Sra.,ES,CASADO,9354764369,84358426112
4641244,2,Soler,Joana,12/05/1935,Rodríguez,Sra.,ES,CASADO,9354764369,84358426112
4641245,2,Soler,Joana,12/05/1935,Rodríguez,Sra.,ES,CASADO,9354764369,84358426112
4641246,2,Soler,Joana,12/05/1935,Rodríguez,Sra.,ES,CASADO,9354764369,84358426112
4641247,2,Soler,Joana,12/05/1935,Rodríguez,Sra.,ES,CASADO,9354764369,84358426112
4641248,2,Soler,Joana,12/05/1935,Rodríguez,Sra.,ES,CASADO,9354764369,84358426112
4641249,2,Soler,Joana,12/05/1935,Rodríguez,Sra.,ES,CASADO,9354764369,84358426112
4641250,2,Soler,Joana,12/05/1935,Rodríguez,Sra.,ES,CASADO,9354764369,84358426112
4641251,2,Soler,Joana,12/05/1935,Rodríguez,Sra.,ES,CASADO,9354764369,84358426112
4641252,2,Soler,Joana,12/05/1935,Rodríguez,Sra.,ES,CASADO,9354764369,84358426112
4641253,2,Soler,Joana,12/05/1935,Rodríguez,Sra.,ES,CASADO,9354764369,84358426112
4641254,2,Soler,Joana,12/05/1935,Rodríguez,Sra.,ES,CASADO,9354764369,84358426112
4641255,2,Soler,Joana,12/05/1935,Rodríguez,Sra.,ES,CASADO,9354764369,84358426112
4641256,2,Soler,Joana,12/05/1935,Rodríguez,Sra.,ES,CASADO,9354764369,84358426112
4641257,2,Soler,Joana,12/05/1935,Rodríguez,Sra.,ES,CASADO,9354764369,84358426112
4641258,2,Soler,Joana,12/05/1935,Rodríguez,Sra.,ES,CASADO,9354764369,84358426112
4641259,2,Soler,Joana,12/05/1935,Rodríguez,Sra.,ES,CASADO,9354764369,84358426112
4641260,2,Soler,Joana,12/05/1935,Rodríguez,Sra.,ES,CASADO,9354764369,84358426112
4641261,2,Soler,Joana,12/05/1935,Rodríguez,Sra.,ES,CASADO,9354764369,84358426112
4641262,2,Soler,Joana,12/05/1935,Rodríguez,Sra.,ES,CASADO,9354764369,84358426112
4641263,2,Soler,Joana,12/05/1935,Rodríguez,Sra.,ES,CASADO,9354764369,84358426112
4641264,2,Soler,Joana,12/05/1935,Rodríguez,Sra.,ES,CASADO,9354764369,84358426112
4641265,2,Soler,Joana,12/05/1935,Rodríguez,Sra.,ES,CASADO,9354764369,84358426112
4641266,2,Soler,Joana,12/05/1935,Rodríguez,Sra.,ES,CASADO,9354764369,84358426112
4641267,2,Soler,Joana,12/05/1935,Rodríguez,Sra.,ES,CASADO,9354764369,84358426112
4641268,2,Soler,Joana,12/05/1935,Rodríguez,Sra.,ES,CASADO,9354764369,84358426112
4641269,2,Soler,Joana,12/05/1935,Rodríguez,Sra.,ES,CASADO,9354764369,84358426112
4641270,2,Soler,Joana,12/05/1935,Rodríguez,Sra.,ES,CASADO,9354764369,84358426112
4641271,2,Soler,Joana,12/05/1935,Rodríguez,Sra.,ES,CASADO,9354764369,84358426112
4641272,2,Soler,Joana,12/05/1935,Rodríguez,Sra.,ES,CASADO,9354764369,84358426112
4641273,2,Soler,Joana,12/05/1935,Rodríguez,Sra.,ES,CASADO,9354764369,84358426112
4641274,2,Soler,Joana,12/05/1935,Rodríguez,Sra.,ES,CASADO,9354764369,84358426112
4641275,2,Soler,Joana,12/05/1935,Rodríguez,Sra.,ES,CASADO,9354764369,84358426112
4641276,2,Soler,Joana,12/05/1935,Rodríguez,Sra.,ES,CASADO,9354764369,84358426112
4641277,2,Soler,Joana,12/05/1935,Rodríguez,Sra.,ES,CASADO,9354764369,84358426112
4641278,2,Soler,Joana,12/05/1935,Rodríguez,Sra.,ES,CASADO,9354764369,84358426112
4641279,2,Soler,Joana,12/05/1935,Rodríguez,Sra.,ES,CASADO,9354764369,84358426112
4641280,2,Soler,Joana,12/05/1935,Rodríguez,Sra.,ES,CASADO,9354764369,84358426112
4641281,2,Soler,Joana,12/05/1935,Rodríguez,Sra.,ES,CASADO,9354764369,84358426112
4641282,2,Soler,Joana,12/05/1935,Rodríguez,Sra.,ES,CASADO,9354764369,84358426112
4641283,2,Soler,Joana,12/05/1935,Rodríguez,Sra.,ES,CASADO,9354764369,84358426112
4641284,2,Soler,Joana,12/05/1935,Rodríguez,Sra.,ES,CASADO,9354764369,84358426112
4641285,2,Soler,Joana,12/05/1935,Rodríguez,Sra.,ES,CASADO,9354764369,84358426112
4641286,2,Soler,Joana,12/05/1935,Rodríguez,Sra.,ES,CASADO,9354764369,84358426112
4641287,2,Soler,Joana,12/05/1935,Rodríguez,Sra.,ES,CASADO,9354764369,84358426112
4641288,2,Soler,Joana,12/05/1935,Rodríguez,Sra.,ES,CASADO,9354764369,84358426112
4641289,2,Soler,Joana,12/05/1935,Rodríguez,Sra.,ES,CASADO,9354764369,84358426112
4641290,2,Soler,Joana,12/05/1935,Rodríguez,Sra.,ES,CASADO,9354764369,84358426112
4641291,2,Soler,Joana,12/05/1935,Rodríguez,Sra.,ES,CASADO,9354764369,84358426112
4641292,2,Soler,Joana,12/05/1935,Rodríguez,Sra.,ES,CASADO,9354764369,84358426112
4641293,2,Soler,Joana,12/05/1935,Rodríguez,Sra.,ES,CASADO,9354764369,84358426112
4641294,2,Soler,Joana,12/05/1935,Rodríguez,Sra.,ES,CASADO,9354764369,84358426112
4641295,2,Soler,Joana,12/05/1935,Rodríguez,Sra.,ES,CASADO,9354764369,84358426112
4641296,2,Soler,Joana,12/05/1935,Rodríguez,Sra.,ES,CASADO,9354764369,84358426112
4641297,2,Soler,Joana,12/05/1935,Rodríguez,Sra.,ES,CASADO,9354764369,84358426112
4641298,2,Soler,Joana,12/05/1935,Rodríguez,Sra.,ES,CASADO,9354764369,84358426112
4641299,2,Soler,Joana,12/05/1935,Rodríguez,Sra.,ES,CASADO,9354764369,84358426112
4641300,2,Soler,Joana,12/05/1935,Rodríguez,Sra.,ES,CASADO,9354764369,84358426112
4641301,2,Soler,Joana,12/05/1935,Rodríguez,Sra.,ES,CASADO,9354764369,84358426112
4641302,2,Soler,Joana,12/05/1935,Rodríguez,Sra.,ES,CASADO,9354764369,84358426112
4641303,2,Soler,Joana,12/05/1935,Rodríguez,Sra.,ES,CASADO,9354764369,84358426112
4641304,2,Soler,Joana,12/05/1935,Rodríguez,Sra.,ES,CASADO,9354764369,84358426112
4641305,2,Soler,Joana,12/05/1935,Rodríguez,Sra.,ES,CASADO,9354764369,84358426112
4641306,2,Soler,Joana,12/05/1935,Rodríguez,Sra.,ES,CASADO,9354764369,84358426112
4641307,2,Soler,Joana,12/05/1935,Rodríguez,Sra.,ES,CASADO,9354764369,84358426112
4641308,2,Soler,Joana,12/05/1935,Rodríguez,Sra.,ES,CASADO,9354764369,84358426112
4641309,2,Soler,Joana,12/05/1935,Rodríguez,Sra.,ES,CASADO,9354764369,84358426112
4641310,2,Soler,Joana,12/05/1935,Rodríguez,Sra.,ES,CASADO,9354764369,84358426112
4641311,2,Soler,Joana,12/05/1935,Rodríguez,Sra.,ES,CASADO,9354764369,84358426112
4641312,2,Soler,Joana,12/05/1935,Rodríguez,Sra.,ES,CASADO,9354764369,84358426112
4641313,2,Soler,Joana,12/05/1935,Rodríguez,Sra.,ES,CASADO,9354764369,84358426112
4641314,2,Soler,Joana,12/05/1935,Rodríguez,Sra.,ES,CASADO,9354764369,84358426112
4641315,2,Soler,Joana,12/05/1935,Rodríguez,Sra.,ES,CASADO,9354764369,84358426112
4641316,2,Soler,Joana,12/05/1935,Rodríguez,Sra.,ES,CASADO,9354764369,84358426112
4641317,2,Soler,Joana,12/05/1935,Rodríguez,Sra.,ES,CASADO,9354764369,84358426112
4641318,2,Soler,Joana,12/05/1935,Rodríguez,Sra.,ES,CASADO,9354764369,84358426112
4641319,2,Soler,Joana,12/05/1935,Rodríguez,Sra.,ES,CASADO,9354764369,84358426112
4641320,2,Soler,Joana,12/05/1935,Rodríguez,Sra.,ES,CASADO,9354764369,84358426112
4641321,2,Soler,Joana,12/05/1935,Rodríguez,Sra.,ES,CASADO,9354764369,84358426112
4641322,2,Soler,Joana,12/05/1935,Rodríguez,Sra.,ES,CASADO,9354764369,84358426112
4641323,2,Soler,Joana,12/05/1935,Rodríguez,Sra.,ES,CASADO,9354764369,84358426112
4641324,2,Soler,Joana,12/05/1935,Rodríguez,Sra.,ES,CASADO,9354764369,84358426112
4641325,2,Soler,Joana,12/05/1935,Rodríguez,Sra.,ES,CASADO,9354764369,84358426112
4641326,2,Soler,Joana,12/05/1935,Rodríguez,Sra.,ES,CASADO,9354764369,84358426112
4641327,2,Soler,Joana,12/05/1935,Rodríguez,Sra.,ES,CASADO,9354764369,84358426112
4641328,2,Soler,Joana,12/05/1935,Rodríguez,Sra.,ES,CASADO,9354764369,84358426112
4641329,2,Soler,Joana,12/05/1935,Rodríguez,Sra.,ES,CASADO,9354764369,84358426112
4641330,2,Soler,Joana,12/05/1935,Rodríguez,Sra.,ES,CASADO,9354764369,84358426112
4641331,2,Soler,Joana,12/05/1935,Rodríguez,Sra.,ES,CASADO,9354764369,84358426112
4641332,2,Soler,Joana,12/05/1935,Rodríguez,Sra.,ES,CASADO,9354764369,84358426112
4641333,2,Soler,Joana,12/05/1935,Rodríguez,Sra.,ES,CASADO,9354764369,84358426112
4641334,2,Soler,Joana,12/05/1935,Rodríguez,Sra.,ES,CASADO,9354764369,84358426112
4641335,2,Soler,Joana,12/05/1935,Rodríguez,Sra.,ES,CASADO,9354764369,84358426112
4641336,2,Soler,Joana,12/05/1935,Rodríguez,Sra.,ES,CASADO,9354764369,84358426112
4641337,2,Soler,Joana,12/05/1935,Rodríguez,Sra.,ES,CASADO,9354764369,84358426112
4641338,2,Soler,Joana,12/05/1935,Rodríguez,Sra.,ES,CASADO,9354764369,84358426112
4641339,2,Soler,Joana,12/05/1935,Rodríguez,Sra.,ES,CASADO,9354764369,84358426112
4641340,2,Soler,Joana,12/05/1935,Rodríguez,Sra.,ES,CASADO,9354764369,84358426112
4641341,2,Soler,Joana,12/05/1935,Rodríguez,Sra.,ES,CASADO,9354764369,84358426112
4641342,2,Soler,Joana,12/05/1935,Rodríguez,Sra.,ES,CASADO,9354764369,84358426112
4641343,2,Soler,Joana,12/05/1935,Rodríguez,Sra.,ES,CASADO,9354764369,84358426112
4641344,2,Soler,Joana,12/05/1935,Rodríguez,Sra.,ES,CASADO,9354764369,84358426112
4641345,2,Soler,Joana,12/05/1935,Rodríguez,Sra.,ES,CASADO,9354764369,84358426112
4641346,2,Soler,Joana,12/05/1935,Rodríguez,Sra.,ES,CASADO,9354764369,84358426112
4641347,2,Soler,Joana,12/05/1935,Rodríguez,Sra.,ES,CASADO,9354764369,84358426112
4641348,2,Soler,Joana,12/05/1935,Rodríguez,Sra.,ES,CASADO,9354764369,84358426112
4641349,2,Soler,Joana,12/05/1935,Rodríguez,Sra.,ES,CASADO,9354764369,84358426112
4641350,2,Soler,Joana,12/05/1935,Rodríguez,Sra.,ES,CASADO,9354764369,84358426112
4641351,2,Soler,Joana,12/05/1935,Rodríguez,Sra.,ES,CASADO,9354764369,84358426112
4641352,2,Soler,Joana,12/05/1935,Rodríguez,Sra.,ES,CASADO,9354764369,84358426112
4641353,2,Soler,Joana,12/05/1935,Rodríguez,Sra.,ES,CASADO,9354764369,84358426112
4641354,2,Soler,Joana,12/05/1935,Rodríguez,Sra.,ES,CASADO,9354764369,84358426112
4641355,2,Soler,Joana,12/05/1935,Rodríguez,Sra.,ES,CASADO,9354764369,84358426112
4641356,2,Soler,Joana,12/05/1935,Rodríguez,Sra.,ES,CASADO,9354764369,84358426112
4641357,2,Soler,Joana,12/05/1935,Rodríguez,Sra.,ES,CASADO,9354764369,84358426112
4641358,2,Soler,Joana,12/05/1935,Rodríguez,Sra.,ES,CASADO,9354764369,84358426112
4641359,2,Soler,Joana,12/05/1935,Rodríguez,Sra.,ES,CASADO,9354764369,84358426112
4641360,2,Soler,Joana,12/05/1935,Rodríguez,Sra.,ES,CASADO,9354764369,84358426112
4641361,2,Soler,Joana,12/05/1935,Rodríguez,Sra.,ES,CASADO,9354764369,84358426112
4641362,2,Soler,Joana,12/05/1935,Rodríguez,Sra.,ES,CASADO,9354764369,84358426112
4641363,2,Soler,Joana,12/05/1935,Rodríguez,Sra.,ES,CASADO,9354764369,84358426112
4641364,2,Soler,Joana,12/05/1935,Rodríguez,Sra.,ES,CASADO,9354764369,84358426112
4641365,2,Soler,Joana,12/05/1935,Rodríguez,Sra.,ES,CASADO,9354764369,84358426112
4641366,2,Soler,Joana,12/05/1935,Rodríguez,Sra.,ES,CASADO,9354764369,84358426112
4641367,2,Soler,Joana,12/05/1935,Rodríguez,Sra.,ES,CASADO,9354764369,84358426112
4641368,2,Soler,Joana,12/05/1935,Rodríguez,Sra.,ES,CASADO,9354764369,84358426112
4641369,2,Soler,Joana,12/05/1935,Rodríguez,Sra.,ES,CASADO,9354764369,84358426112
4641370,2,Soler,Joana,12/05/1935,Rodríguez,Sra.,ES,CASADO,9354764369,84358426112
4641371,2,Soler,Joana,12/05/1935,Rodríguez,Sra.,ES,CASADO,9354764369,84358426112
4641372,2,Soler,Joana,12/05/1935,Rodríguez,Sra.,ES,CASADO,9354764369,84358426112
4641373,2,Soler,Joana,12/05/1935,Rodríguez,Sra.,ES,CASADO,9354764369,84358426112
4641374,2,Soler,Joana,12/05/1935,Rodríguez,Sra.,ES,CASADO,9354764369,84358426112
4641375,2,Soler,Joana,12/05/1935,Rodríguez,Sra.,ES,CASADO,9354764369,84358426112
4641376,2,Soler,Joana,12/05/1935,Rodríguez,Sra.,ES,CASADO,9354764369,84358426112
4641377,2,Soler,Joana,12/05/1935,Rodríguez,Sra.,ES,CASADO,9354764369,84358426112
4641378,2,Soler,Joana,12/05/1935,Rodríguez,Sra.,ES,CASADO,9354764369,84358426112
4641379,2,Soler,Joana,12/05/1935,Rodríguez,Sra.,ES,CASADO,9354764369,84358426112
4641380,2,Soler,Joana,12/05/1935,Rodríguez,Sra.,ES,CASADO,9354764369,84358426112
4641381,2,Soler,Joana,12/05/1935,Rodríguez,Sra.,ES,CASADO,9354764369,84358426112
4641382,2,Soler,Joana,12/05/1935,Rodríguez,Sra.,ES,CASADO,9354764369,84358426112
4641383,2,Soler,Joana,12/05/1935,Rodríguez,Sra.,ES,CASADO,9354764369,84358426112
4641384,2,Soler,Joana,12/05/1935,Rodríguez,Sra.,ES,CASADO,9354764369,84358426112
4641385,2,Soler,Joana,12/05/1935,Rodríguez,Sra.,ES,CASADO,9354764369,84358426112
4641386,2,Soler,Joana,12/05/1935,Rodríguez,Sra.,ES,CASADO,9354764369,84358426112
4641387,2,Soler,Joana,12/05/1935,Rodríguez,Sra.,ES,CASADO,9354764369,84358426112
4641388,2,Soler,Joana,12/05/1935,Rodríguez,Sra.,ES,CASADO,9354764369,84358426112
4641389,2,Soler,Joana,12/05/1935,Rodríguez,Sra.,ES,CASADO,9354764369,84358426112
4641390,2,Soler,Joana,12/05/1935,Rodríguez,Sra.,ES,CASADO,9354764369,84358426112
4641391,2,Soler,Joana,12/05/1935,Rodríguez,Sra.,ES,CASADO,9354764369,84358426112
4641392,2,Soler,Joana,12/05/1935,Rodríguez,Sra.,ES,CASADO,9354764369,84358426112
4641393,2,Soler,Joana,12/05/1935,Rodríguez,Sra.,ES,CASADO,9354764369,84358426112
4641394,2,Soler,Joana,12/05/1935,Rodríguez,Sra.,ES,CASADO,9354764369,84358426112
4641395,2,Soler,Joana,12/05/1935,Rodríguez,Sra.,ES,CASADO,9354764369,84358426112
4641396,2,Soler,Joana,12/05/1935,Rodríguez,Sra.,ES,CASADO,9354764369,84358426112
4641397,2,Soler,Joana,12/05/1935,Rodríguez,Sra.,ES,CASADO,9354764369,84358426112
4641398,2,Soler,Joana,12/05/1935,Rodríguez,Sra.,ES,CASADO,9354764369,84358426112
4641399,2,Soler,Joana,12/05/1935,Rodríguez,Sra.,ES,CASADO,9354764369,84358426112
4641400,2,Soler,Joana,12/05/1935,Rodríguez,Sra.,ES,CASADO,9354764369,84358426112
4641401,2,Soler,Joana,12/05/1935,Rodríguez,Sra.,ES,CASADO,9354764369,84358426112
4641402,2,Soler,Joana,12/05/1935,Rodríguez,Sra.,ES,CASADO,9354764369,84358426112
4641403,2,Soler,Joana,12/05/1935,Rodríguez,Sra.,ES,CASADO,9354764369,84358426112
4641404,2,Soler,Joana,12/05/1935,Rodríguez,Sra.,ES,CASADO,9354764369,84358426112
4641405,2,Soler,Joana,12/05/1935,Rodríguez,Sra.,ES,CASADO,9354764369,84358426112
4641406,2,Soler,Joana,12/05/1935,Rodríguez,Sra.,ES,CASADO,9354764369,84358426112
4641407,2,Soler,Joana,12/05/1935,Rodríguez,Sra.,ES,CASADO,9354764369,84358426112
4641408,2,Soler,Joana,12/05/1935,Rodríguez,Sra.,ES,CASADO,9354764369,84358426112
4641409,2,Soler,Joana,12/05/1935,Rodríguez,Sra.,ES,CASADO,9354764369,84358426112
4641410,2,Soler,Joana,12/05/1935,Rodríguez,Sra.,ES,CASADO,9354764369,84358426112
4641411,2,Soler,Joana,12/05/1935,Rodríguez,Sra.,ES,CASADO,9354764369,84358426112
4641412,2,Soler,Joana,12/05/1935,Rodríguez,Sra.,ES,CASADO,9354764369,84358426112
4641413,2,Soler,Joana,12/05/1935,Rodríguez,Sra.,ES,CASADO,9354764369,84358426112
4641414,2,Soler,Joana,12/05/1935,Rodríguez,Sra.,ES,CASADO,9354764369,84358426112
4641415,2,Soler,Joana,12/05/1935,Rodríguez,Sra.,ES,CASADO,9354764369,84358426112
4641416,2,Soler,Joana,12/05/1935,Rodríguez,Sra.,ES,CASADO,9354764369,84358426112
4641417,2,Soler,Joana,12/05/1935,Rodríguez,Sra.,ES,CASADO,9354764369,84358426112
4641418,2,Soler,Joana,12/05/1935,Rodríguez,Sra.,ES,CASADO,9354764369,84358426112
4641419,2,Soler,Joana,12/05/1935,Rodríguez,Sra.,ES,CASADO,9354764369,84358426112
4641420,2,Soler,Joana,12/05/1935,Rodríguez,Sra.,ES,CASADO,9354764369,84358426112
4641421,2,Soler,Joana,12/05/1935,Rodríguez,Sra.,ES,CASADO,9354764369,84358426112
4641422,2,Soler,Joana,12/05/1935,Rodríguez,Sra.,ES,CASADO,9354764369,84358426112
4641423,2,Soler,Joana,12/05/1935,Rodríguez,Sra.,ES,CASADO,9354764369,84358426112
4641424,2,Soler,Joana,12/05/1935,Rodríguez,Sra.,ES,CASADO,9354764369,84358426112
4641425,2,Soler,Joana,12/05/1935,Rodríguez,Sra.,ES,CASADO,9354764369,84358426112
4641426,2,Soler,Joana,12/05/1935,Rodríguez,Sra.,ES,CASADO,9354764369,84358426112
4641427,2,Soler,Joana,12/05/1935,Rodríguez,Sra.,ES,CASADO,9354764369,84358426112
4641428,2,Soler,Joana,12/05/1935,Rodríguez,Sra.,ES,CASADO,9354764369,84358426112
4641429,2,Soler,Joana,12/05/1935,Rodríguez,Sra.,ES,CASADO,9354764369,84358426112
4641430,2,Soler,Joana,12/05/1935,Rodríguez,Sra.,ES,CASADO,9354764369,84358426112
4641431,2,Soler,Joana,12/05/1935,Rodríguez,Sra.,ES,CASADO,9354764369,84358426112
4641432,2,Soler,Joana,12/05/1935,Rodríguez,Sra.,ES,CASADO,9354764369,84358426112
4641433,2,Soler,Joana,12/05/1935,Rodríguez,Sra.,ES,CASADO,9354764369,84358426112
4641434,2,Soler,Joana,12/05/1935,Rodríguez,Sra.,ES,CASADO,9354764369,84358426112
4641435,2,Soler,Joana,12/05/1935,Rodríguez,Sra.,ES,CASADO,9354764369,84358426112
4641436,2,Soler,Joana,12/05/1935,Rodríguez,Sra.,ES,CASADO,9354764369,84358426112
4641437,2,Soler,Joana,12/05/1935,Rodríguez,Sra.,ES,CASADO,9354764369,84358426112
4641438,2,Soler,Joana,12/05/1935,Rodríguez,Sra.,ES,CASADO,9354764369,84358426112
4641439,2,Soler,Joana,12/05/1935,Rodríguez,Sra.,ES,CASADO,9354764369,84358426112
4641440,2,Soler,Joana,12/05/1935,Rodríguez,Sra.,ES,CASADO,9354764369,84358426112
4641441,2,Soler,Joana,12/05/1935,Rodríguez,Sra.,ES,CASADO,9354764369,84358426112
4641442,2,Soler,Joana,12/05/1935,Rodríguez,Sra.,ES,CASADO,9354764369,84358426112
4641443,2,Soler,Joana,12/05/1935,Rodríguez,Sra.,ES,CASADO,9354764369,84358426112
4641444,2,Soler,Joana,12/05/1935,Rodríguez,Sra.,ES,CASADO,9354764369,84358426112
4641445,2,Soler,Joana,12/05/1935,Rodríguez,Sra.,ES,CASADO,9354764369,84358426112
4641446,2,Soler,Joana,12/05/1935,Rodríguez,Sra.,ES,CASADO,9354764369,84358426112
4641447,2,Soler,Joana,12/05/1935,Rodríguez,Sra.,ES,CASADO,9354764369,84358426112
4641448,2,Soler,Joana,12/05/1935,Rodríguez,Sra.,ES,CASADO,9354764369,84358426112
4641449,2,Soler,Joana,12/05/1935,Rodríguez,Sra.,ES,CASADO,9354764369,84358426112
4641450,2,Soler,Joana,12/05/1935,Rodríguez,Sra.,ES,CASADO,9354764369,84358426112
4641451,2,Soler,Joana,12/05/1935,Rodríguez,Sra.,ES,CASADO,9354764369,84358426112
4641452,2,Soler,Joana,12/05/1935,Rodríguez,Sra.,ES,CASADO,9354764369,84358426112
4641453,2,Soler,Joana,12/05/1935,Rodríguez,Sra.,ES,CASADO,9354764369,84358426112
4641454,2,Soler,Joana,12/05/1935,Rodríguez,Sra.,ES,CASADO,9354764369,84358426112
4641455,2,Soler,Joana,12/05/1935,Rodríguez,Sra.,ES,CASADO,9354764369,84358426112
4641456,2,Soler,Joana,12/05/1935,Rodríguez,Sra.,ES,CASADO,9354764369,84358426112
4641457,2,Soler,Joana,12/05/1935,Rodríguez,Sra.,ES,CASADO,9354764369,84358426112
4641458,2,Soler,Joana,12/05/1935,Rodríguez,Sra.,ES,CASADO,9354764369,84358426112
4641459,2,Soler,Joana,12/05/1935,Rodríguez,Sra.,ES,CASADO,9354764369,84358426112
4641460,2,Soler,Joana,12/05/1935,Rodríguez,Sra.,ES,CASADO,9354764369,84358426112
4641461,2,Soler,Joana,12/05/1935,Rodríguez,Sra.,ES,CASADO,9354764369,84358426112
4641462,2,Soler,Joana,12/05/1935,Rodríguez,Sra.,ES,CASADO,9354764369,84358426112
4641463,2,Soler,Joana,12/05/1935,Rodríguez,Sra.,ES,CASADO,9354764369,84358426112
4641464,2,Soler,Joana,12/05/1935,Rodríguez,Sra.,ES,CASADO,9354764369,84358426112
4641465,2,Soler,Joana,12/05/1935,Rodríguez,Sra.,ES,CASADO,9354764369,84358426112
4641466,2,Soler,Joana,12/05/1935,Rodríguez,Sra.,ES,CASADO,9354764369,84358426112
4641467,2,Soler,Joana,12/05/1935,Rodríguez,Sra.,ES,CASADO,9354764369,84358426112
4641468,2,Soler,Joana,12/05/1935,Rodríguez,Sra.,ES,CASADO,9354764369,84358426112
4641469,2,Soler,Joana,12/05/1935,Rodríguez,Sra.,ES,CASADO,9354764369,84358426112
4641470,2,Soler,Joana,12/05/1935,Rodríguez,Sra.,ES,CASADO,9354764369,84358426112
4641471,2,Soler,Joana,12/05/1935,Rodríguez,Sra.,ES,CASADO,9354764369,84358426112
4641472,2,Soler,Joana,12/05/1935,Rodríguez,Sra.,ES,CASADO,9354764369,84358426112
4641473,2,Soler,Joana,12/05/1935,Rodríguez,Sra.,ES,CASADO,9354764369,84358426112
4641474,2,Soler,Joana,12/05/1935,Rodríguez,Sra.,ES,CASADO,9354764369,84358426112
4641475,2,Soler,Joana,12/05/1935,Rodríguez,Sra.,ES,CASADO,9354764369,84358426112
4641476,2,Soler,Joana,12/05/1935,Rodríguez,Sra.,ES,CASADO,9354764369,84358426112
4641477,2,Soler,Joana,12/05/1935,Rodríguez,Sra.,ES,CASADO,9354764369,84358426112
4641478,2,Soler,Joana,12/05/1935,Rodríguez,Sra.,ES,CASADO,9354764369,84358426112
4641479,2,Soler,Joana,12/05/1935,Rodríguez,Sra.,ES,CASADO,9354764369,84358426112
4641480,2,Soler,Joana,12/05/1935,Rodríguez,Sra.,ES,CASADO,9354764369,84358426112
4641481,2,Soler,Joana,12/05/1935,Rodríguez,Sra.,ES,CASADO,9354764369,84358426112
4641482,2,Soler,Joana,12/05/1935,Rodríguez,Sra.,ES,CASADO,9354764369,84358426112
4641483,2,Soler,Joana,12/05/1935,Rodríguez,Sra.,ES,CASADO,9354764369,84358426112
4641484,2,Soler,Joana,12/05/1935,Rodríguez,Sra.,ES,CASADO,9354764369,84358426112
4641485,2,Soler,Joana,12/05/1935,Rodríguez,Sra.,ES,CASADO,9354764369,84358426112
4641486,2,Soler,Joana,12/05/1935,Rodríguez,Sra.,ES,CASADO,9354764369,84358426112
4641487,2,Soler,Joana,12/05/1935,Rodríguez,Sra.,ES,CASADO,9354764369,84358426112
4641488,2,Soler,Joana,12/05/1935,Rodríguez,Sra.,ES,CASADO,9354764369,84358426112
4641489,2,Soler,Joana,12/05/1935,Rodríguez,Sra.,ES,CASADO,9354764369,84358426112
4641490,2,Soler,Joana,12/05/1935,Rodríguez,Sra.,ES,CASADO,9354764369,84358426112
4641491,2,Soler,Joana,12/05/1935,Rodríguez,Sra.,ES,CASADO,9354764369,84358426112
4641492,2,Soler,Joana,12/05/1935,Rodríguez,Sra.,ES,CASADO,9354764369,84358426112
4641493,2,Soler,Joana,12/05/1935,Rodríguez,Sra.,ES,CASADO,9354764369,84358426112
4641494,2,Soler,Joana,12/05/1935,Rodríguez,Sra.,ES,CASADO,9354764369,84358426112
4641495,2,Soler,Joana,12/05/1935,Rodríguez,Sra.,ES,CASADO,9354764369,84358426112
4641496,2,Soler,Joana,12/05/1935,Rodríguez,Sra.,ES,CASADO,9354764369,84358426112
4641497,2,Soler,Joana,12/05/1935,Rodríguez,Sra.,ES,CASADO,9354764369,84358426112
4641498,2,Soler,Joana,12/05/1935,Rodríguez,Sra.,ES,CASADO,9354764369,84358426112
4641499,2,Soler,Joana,12/05/1935,Rodríguez,Sra.,ES,CASADO,9354764369,84358426112
4641500,2,Soler,Joana,12/05/1935,Rodríguez,Sra.,ES,CASADO,9354764369,84358426112
4641501,2,Soler,Joana,12/05/1935,Rodríguez,Sra.,ES,CASADO,9354764369,84358426112
4641502,2,Soler,Joana,12/05/1935,Rodríguez,Sra.,ES,CASADO,9354764369,84358426112
4641503,2,Soler,Joana,12/05/1935,Rodríguez,Sra.,ES,CASADO,9354764369,84358426112
4641504,2,Soler,Joana,12/05/1935,Rodríguez,Sra.,ES,CASADO,9354764369,84358426112
4641505,2,Soler,Joana,12/05/1935,Rodríguez,Sra.,ES,CASADO,9354764369,84358426112
4641506,2,Soler,Joana,12/05/1935,Rodríguez,Sra.,ES,CASADO,9354764369,84358426112
4641507,2,Soler,Joana,12/05/1935,Rodríguez,Sra.,ES,CASADO,9354764369,84358426112
4641508,2,Soler,Joana,12/05/1935,Rodríguez,Sra.,ES,CASADO,9354764369,84358426112
4641509,2,Soler,Joana,12/05/1935,Rodríguez,Sra.,ES,CASADO,9354764369,84358426112
4641510,2,Soler,Joana,12/05/1935,Rodríguez,Sra.,ES,CASADO,9354764369,84358426112
4641511,2,Soler,Joana,12/05/1935,Rodríguez,Sra.,ES,CASADO,9354764369,84358426112
4641512,2,Soler,Joana,12/05/1935,Rodríguez,Sra.,ES,CASADO,9354764369,84358426112
4641513,2,Soler,Joana,12/05/1935,Rodríguez,Sra.,ES,CASADO,9354764369,84358426112
4641514,2,Soler,Joana,12/05/1935,Rodríguez,Sra.,ES,CASADO,9354764369,84358426112
4641515,2,Soler,Joana,12/05/1935,Rodríguez,Sra.,ES,CASADO,9354764369,84358426112
4641516,2,Soler,Joana,12/05/1935,Rodríguez,Sra.,ES,CASADO,9354764369,84358426112
4641517,2,Soler,Joana,12/05/1935,Rodríguez,Sra.,ES,CASADO,9354764369,84358426112
4641518,2,Soler,Joana,12/05/1935,Rodríguez,Sra.,ES,CASADO,9354764369,84358426112
4641519,2,Soler,Joana,12/05/1935,Rodríguez,Sra.,ES,CASADO,9354764369,84358426112
4641520,2,Soler,Joana,12/05/1935,Rodríguez,Sra.,ES,CASADO,9354764369,84358426112
4641521,2,Soler,Joana,12/05/1935,Rodríguez,Sra.,ES,CASADO,9354764369,84358426112
4641522,2,Soler,Joana,12/05/1935,Rodríguez,Sra.,ES,CASADO,9354764369,84358426112
4641523,2,Soler,Joana,12/05/1935,Rodríguez,Sra.,ES,CASADO,9354764369,84358426112
4641524,2,Soler,Joana,12/05/1935,Rodríguez,Sra.,ES,CASADO,9354764369,84358426112
4641525,2,Soler,Joana,12/05/1935,Rodríguez,Sra.,ES,CASADO,9354764369,84358426112
4641526,2,Soler,Joana,12/05/1935,Rodríguez,Sra.,ES,CASADO,9354764369,84358426112
4641527,2,Soler,Joana,12/05/1935,Rodríguez,Sra.,ES,CASADO,9354764369,84358426112
4641528,2,Soler,Joana,12/05/1935,Rodríguez,Sra.,ES,CASADO,9354764369,84358426112
4641529,2,Soler,Joana,12/05/1935,Rodríguez,Sra.,ES,CASADO,9354764369,84358426112
4641530,2,Soler,Joana,12/05/1935,Rodríguez,Sra.,ES,CASADO,9354764369,84358426112
4641531,2,Soler,Joana,12/05/1935,Rodríguez,Sra.,ES,CASADO,9354764369,84358426112
4641532,2,Soler,Joana,12/05/1935,Rodríguez,Sra.,ES,CASADO,9354764369,84358426112
4641533,2,Soler,Joana,12/05/1935,Rodríguez,Sra.,ES,CASADO,9354764369,84358426112
4641534,2,Soler,Joana,12/05/1935,Rodríguez,Sra.,ES,CASADO,9354764369,84358426112
4641535,2,Soler,Joana,12/05/1935,Rodríguez,Sra.,ES,CASADO,9354764369,84358426112
4641536,2,Soler,Joana,12/05/1935,Rodríguez,Sra.,ES,CASADO,9354764369,84358426112
4641537,2,Soler,Joana,12/05/1935,Rodríguez,Sra.,ES,CASADO,9354764369,84358426112
4641538,2,Soler,Joana,12/05/1935,Rodríguez,Sra.,ES,CASADO,9354764369,84358426112
4641539,2,Soler,Joana,12/05/1935,Rodríguez,Sra.,ES,CASADO,9354764369,84358426112
4641540,2,Soler,Joana,12/05/1935,Rodríguez,Sra.,ES,CASADO,9354764369,84358426112
4641541,2,Soler,Joana,12/05/1935,Rodríguez,Sra.,ES,CASADO,9354764369,84358426112
4641542,2,Soler,Joana,12/05/1935,Rodríguez,Sra.,ES,CASADO,9354764369,84358426112
4641543,2,Soler,Joana,12/05/1935,Rodríguez,Sra.,ES,CASADO,9354764369,84358426112
4641544,2,Soler,Joana,12/05/1935,Rodríguez,Sra.,ES,CASADO,9354764369,84358426112
4641545,2,Soler,Joana,12/05/1935,Rodríguez,Sra.,ES,CASADO,9354764369,84358426112
4641546,2,Soler,Joana,12/05/1935,Rodríguez,Sra.,ES,CASADO,9354764369,84358426112
4641547,2,Soler,Joana,12/05/1935,Rodríguez,Sra.,ES,CASADO,9354764369,84358426112
4641548,2,Soler,Joana,12/05/1935,Rodríguez,Sra.,ES,CASADO,9354764369,84358426112
4641549,2,Soler,Joana,12/05/1935,Rodríguez,Sra.,ES,CASADO,9354764369,84358426112
4641550,2,Soler,Joana,12/05/1935,Rodríguez,Sra.,ES,CASADO,9354764369,84358426112
4641551,2,Soler,Joana,12/05/1935,Rodríguez,Sra.,ES,CASADO,9354764369,84358426112
4641552,2,Soler,Joana,12/05/1935,Rodríguez,Sra.,ES,CASADO,9354764369,84358426112
4641553,2,Soler,Joana,12/05/1935,Rodríguez,Sra.,ES,CASADO,9354764369,84358426112
4641554,2,Soler,Joana,12/05/1935,Rodríguez,Sra.,ES,CASADO,9354764369,84358426112
4641555,2,Soler,Joana,12/05/1935,Rodríguez,Sra.,ES,CASADO,9354764369,84358426112
4641556,2,Soler,Joana,12/05/1935,Rodríguez,Sra.,ES,CASADO,9354764369,84358426112
4641557,2,Soler,Joana,12/05/1935,Rodríguez,Sra.,ES,CASADO,9354764369,84358426112
4641558,2,Soler,Joana,12/05/1935,Rodríguez,Sra.,ES,CASADO,9354764369,84358426112
4641559,2,Soler,Joana,12/05/1935,Rodríguez,Sra.,ES,CASADO,9354764369,84358426112
4641560,2,Soler,Joana,12/05/1935,Rodríguez,Sra.,ES,CASADO,9354764369,84358426112
4641561,2,Soler,Joana,12/05/1935,Rodríguez,Sra.,ES,CASADO,9354764369,84358426112
4641562,2,Soler,Joana,12/05/1935,Rodríguez,Sra.,ES,CASADO,9354764369,84358426112
4641563,2,Soler,Joana,12/05/1935,Rodríguez,Sra.,ES,CASADO,9354764369,84358426112
4641564,2,Soler,Joana,12/05/1935,Rodríguez,Sra.,ES,CASADO,9354764369,84358426112
4641565,2,Soler,Joana,12/05/1935,Rodríguez,Sra.,ES,CASADO,9354764369,84358426112
4641566,2,Soler,Joana,12/05/1935,Rodríguez,Sra.,ES,CASADO,9354764369,84358426112
4641567,2,Soler,Joana,12/05/1935,Rodríguez,Sra.,ES,CASADO,9354764369,84358426112
4641568,2,Soler,Joana,12/05/1935,Rodríguez,Sra.,ES,CASADO,9354764369,84358426112
4641569,2,Soler,Joana,12/05/1935,Rodríguez,Sra.,ES,CASADO,9354764369,84358426112
4641570,2,Soler,Joana,12/05/1935,Rodríguez,Sra.,ES,CASADO,9354764369,84358426112
4641571,2,Soler,Joana,12/05/1935,Rodríguez,Sra.,ES,CASADO,9354764369,84358426112
4641572,2,Soler,Joana,12/05/1935,Rodríguez,Sra.,ES,CASADO,9354764369,84358426112
4641573,2,Soler,Joana,12/05/1935,Rodríguez,Sra.,ES,CASADO,9354764369,84358426112
4641574,2,Soler,Joana,12/05/1935,Rodríguez,Sra.,ES,CASADO,9354764369,84358426112
4641575,2,Soler,Joana,12/05/1935,Rodríguez,Sra.,ES,CASADO,9354764369,84358426112
4641576,2,Soler,Joana,12/05/1935,Rodríguez,Sra.,ES,CASADO,9354764369,84358426112
4641577,2,Soler,Joana,12/05/1935,Rodríguez,Sra.,ES,CASADO,9354764369,84358426112
4641578,2,Soler,Joana,12/05/1935,Rodríguez,Sra.,ES,CASADO,9354764369,84358426112
4641579,2,Soler,Joana,12/05/1935,Rodríguez,Sra.,ES,CASADO,9354764369,84358426112
4641580,2,Soler,Joana,12/05/1935,Rodríguez,Sra.,ES,CASADO,9354764369,84358426112
4641581,2,Soler,Joana,12/05/1935,Rodríguez,Sra.,ES,CASADO,9354764369,84358426112
4641582,2,Soler,Joana,12/05/1935,Rodríguez,Sra.,ES,CASADO,9354764369,84358426112
4641583,2,Soler,Joana,12/05/1935,Rodríguez,Sra.,ES,CASADO,9354764369,84358426112
4641584,2,Soler,Joana,12/05/1935,Rodríguez,Sra.,ES,CASADO,9354764369,84358426112
4641585,2,Soler,Joana,12/05/1935,Rodríguez,Sra.,ES,CASADO,9354764369,84358426112
4641586,2,Soler,Joana,12/05/1935,Rodríguez,Sra.,ES,CASADO,9354764369,84358426112
4641587,2,Soler,Joana,12/05/1935,Rodríguez,Sra.,ES,CASADO,9354764369,84358426112
4641588,2,Soler,Joana,12/05/1935,Rodríguez,Sra.,ES,CASADO,9354764369,84358426112
4641589,2,Soler,Joana,12/05/1935,Rodríguez,Sra.,ES,CASADO,9354764369,84358426112
4641590,2,Soler,Joana,12/05/1935,Rodríguez,Sra.,ES,CASADO,9354764369,84358426112
4641591,2,Soler,Joana,12/05/1935,Rodríguez,Sra.,ES,CASADO,9354764369,84358426112
4641592,2,Soler,Joana,12/05/1935,Rodríguez,Sra.,ES,CASADO,9354764369,84358426112
4641593,2,Soler,Joana,12/05/1935,Rodríguez,Sra.,ES,CASADO,9354764369,84358426112
4641594,2,Soler,Joana,12/05/1935,Rodríguez,Sra.,ES,CASADO,9354764369,84358426112
4641595,2,Soler,Joana,12/05/1935,Rodríguez,Sra.,ES,CASADO,9354764369,84358426112
4641596,2,Soler,Joana,12/05/1935,Rodríguez,Sra.,ES,CASADO,9354764369,84358426112
4641597,2,Soler,Joana,12/05/1935,Rodríguez,Sra.,ES,CASADO,9354764369,84358426112
4641598,2,Soler,Joana,12/05/1935,Rodríguez,Sra.,ES,CASADO,9354764369,84358426112
4641599,2,Soler,Joana,12/05/1935,Rodríguez,Sra.,ES,CASADO,9354764369,84358426112
4641600,2,Soler,Joana,12/05/1935,Rodríguez,Sra.,ES,CASADO,9354764369,84358426112
4641601,2,Soler,Joana,12/05/1935,Rodríguez,Sra.,ES,CASADO,9354764369,84358426112
4641602,2,Soler,Joana,12/05/1935,Rodríguez,Sra.,ES,CASADO,9354764369,84358426112
4641603,2,Soler,Joana,12/05/1935,Rodríguez,Sra.,ES,CASADO,9354764369,84358426112
4641604,2,Soler,Joana,12/05/1935,Rodríguez,Sra.,ES,CASADO,9354764369,84358426112
4641605,2,Soler,Joana,12/05/1935,Rodríguez,Sra.,ES,CASADO,9354764369,84358426112
4641606,2,Soler,Joana,12/05/1935,Rodríguez,Sra.,ES,CASADO,9354764369,84358426112
4641607,2,Soler,Joana,12/05/1935,Rodríguez,Sra.,ES,CASADO,9354764369,84358426112
4641608,2,Soler,Joana,12/05/1935,Rodríguez,Sra.,ES,CASADO,9354764369,84358426112
4641609,2,Soler,Joana,12/05/1935,Rodríguez,Sra.,ES,CASADO,9354764369,84358426112
4641610,2,Soler,Joana,12/05/1935,Rodríguez,Sra.,ES,CASADO,9354764369,84358426112
4641611,2,Soler,Joana,12/05/1935,Rodríguez,Sra.,ES,CASADO,9354764369,84358426112
4641612,2,Soler,Joana,12/05/1935,Rodríguez,Sra.,ES,CASADO,9354764369,84358426112
4641613,2,Soler,Joana,12/05/1935,Rodríguez,Sra.,ES,CASADO,9354764369,84358426112
4641614,2,Soler,Joana,12/05/1935,Rodríguez,Sra.,ES,CASADO,9354764369,84358426112
4641615,2,Soler,Joana,12/05/1935,Rodríguez,Sra.,ES,CASADO,9354764369,84358426112
4641616,2,Soler,Joana,12/05/1935,Rodríguez,Sra.,ES,CASADO,9354764369,84358426112
4641617,2,Soler,Joana,12/05/1935,Rodríguez,Sra.,ES,CASADO,9354764369,84358426112
4641618,2,Soler,Joana,12/05/1935,Rodríguez,Sra.,ES,CASADO,9354764369,84358426112
4641619,2,Soler,Joana,12/05/1935,Rodríguez,Sra.,ES,CASADO,9354764369,84358426112
4641620,2,Soler,Joana,12/05/1935,Rodríguez,Sra.,ES,CASADO,9354764369,84358426112
4641621,2,Soler,Joana,12/05/1935,Rodríguez,Sra.,ES,CASADO,9354764369,84358426112
4641622,2,Soler,Joana,12/05/1935,Rodríguez,Sra.,ES,CASADO,9354764369,84358426112
4641623,2,Soler,Joana,12/05/1935,Rodríguez,Sra.,ES,CASADO,9354764369,84358426112
4641624,2,Soler,Joana,12/05/1935,Rodríguez,Sra.,ES,CASADO,9354764369,84358426112
4641625,2,Soler,Joana,12/05/1935,Rodríguez,Sra.,ES,CASADO,9354764369,84358426112
4641626,2,Soler,Joana,12/05/1935,Rodríguez,Sra.,ES,CASADO,9354764369,84358426112
4641627,2,Soler,Joana,12/05/1935,Rodríguez,Sra.,ES,CASADO,9354764369,84358426112
4641628,2,Soler,Joana,12/05/1935,Rodríguez,Sra.,ES,CASADO,9354764369,84358426112
4641629,2,Soler,Joana,12/05/1935,Rodríguez,Sra.,ES,CASADO,9354764369,84358426112
4641630,2,Soler,Joana,12/05/1935,Rodríguez,Sra.,ES,CASADO,9354764369,84358426112
4641631,2,Soler,Joana,12/05/1935,Rodríguez,Sra.,ES,CASADO,9354764369,84358426112
4641632,2,Soler,Joana,12/05/1935,Rodríguez,Sra.,ES,CASADO,9354764369,84358426112
4641633,2,Soler,Joana,12/05/1935,Rodríguez,Sra.,ES,CASADO,9354764369,84358426112
4641634,2,Soler,Joana,12/05/1935,Rodríguez,Sra.,ES,CASADO,9354764369,84358426112
4641635,2,Soler,Joana,12/05/1935,Rodríguez,Sra.,ES,CASADO,9354764369,84358426112
4641636,2,Soler,Joana,12/05/1935,Rodríguez,Sra.,ES,CASADO,9354764369,84358426112
4641637,2,Soler,Joana,12/05/1935,Rodríguez,Sra.,ES,CASADO,9354764369,84358426112
4641638,2,Soler,Joana,12/05/1935,Rodríguez,Sra.,ES,CASADO,9354764369,84358426112
4641639,2,Soler,Joana,12/05/1935,Rodríguez,Sra.,ES,CASADO,9354764369,84358426112
4641640,2,Soler,Joana,12/05/1935,Rodríguez,Sra.,ES,CASADO,9354764369,84358426112
4641641,2,Soler,Joana,12/05/1935,Rodríguez,Sra.,ES,CASADO,9354764369,84358426112
4641642,2,Soler,Joana,12/05/1935,Rodríguez,Sra.,ES,CASADO,9354764369,84358426112
4641643,2,Soler,Joana,12/05/1935,Rodríguez,Sra.,ES,CASADO,9354764369,84358426112
4641644,2,Soler,Joana,12/05/1935,Rodríguez,Sra.,ES,CASADO,9354764369,84358426112
4641645,2,Soler,Joana,12/05/1935,Rodríguez,Sra.,ES,CASADO,9354764369,84358426112
4641646,2,Soler,Joana,12/05/1935,Rodríguez,Sra.,ES,CASADO,9354764369,84358426112
4641647,2,Soler,Joana,12/05/1935,Rodríguez,Sra.,ES,CASADO,9354764369,84358426112
4641648,2,Soler,Joana,12/05/1935,Rodríguez,Sra.,ES,CASADO,9354764369,84358426112
4641649,2,Soler,Joana,12/05/1935,Rodríguez,Sra.,ES,CASADO,9354764369,84358426112
4641650,2,Soler,Joana,12/05/1935,Rodríguez,Sra.,ES,CASADO,9354764369,84358426112
4641651,2,Soler,Joana,12/05/1935,Rodríguez,Sra.,ES,CASADO,9354764369,84358426112
4641652,2,Soler,Joana,12/05/1935,Rodríguez,Sra.,ES,CASADO,9354764369,84358426112
4641653,2,Soler,Joana,12/05/1935,Rodríguez,Sra.,ES,CASADO,9354764369,84358426112
4641654,2,Soler,Joana,12/05/1935,Rodríguez,Sra.,ES,CASADO,9354764369,84358426112
4641655,2,Soler,Joana,12/05/1935,Rodríguez,Sra.,ES,CASADO,9354764369,84358426112
4641656,2,Soler,Joana,12/05/1935,Rodríguez,Sra.,ES,CASADO,9354764369,84358426112
4641657,2,Soler,Joana,12/05/1935,Rodríguez,Sra.,ES,CASADO,9354764369,84358426112
4641658,2,Soler,Joana,12/05/1935,Rodríguez,Sra.,ES,CASADO,9354764369,84358426112
4641659,2,Soler,Joana,12/05/1935,Rodríguez,Sra.,ES,CASADO,9354764369,84358426112
4641660,2,Soler,Joana,12/05/1935,Rodríguez,Sra.,ES,CASADO,9354764369,84358426112
4641661,2,Soler,Joana,12/05/1935,Rodríguez,Sra.,ES,CASADO,9354764369,84358426112
4641662,2,Soler,Joana,12/05/1935,Rodríguez,Sra.,ES,CASADO,9354764369,84358426112
4641663,2,Soler,Joana,12/05/1935,Rodríguez,Sra.,ES,CASADO,9354764369,84358426112
4641664,2,Soler,Joana,12/05/1935,Rodríguez,Sra.,ES,CASADO,9354764369,84358426112
4641665,2,Soler,Joana,12/05/1935,Rodríguez,Sra.,ES,CASADO,9354764369,84358426112
4641666,2,Soler,Joana,12/05/1935,Rodríguez,Sra.,ES,CASADO,9354764369,84358426112
4641667,2,Soler,Joana,12/05/1935,Rodríguez,Sra.,ES,CASADO,9354764369,84358426112
4641668,2,Soler,Joana,12/05/1935,Rodríguez,Sra.,ES,CASADO,9354764369,84358426112
4641669,2,Soler,Joana,12/05/1935,Rodríguez,Sra.,ES,CASADO,9354764369,84358426112
4641670,2,Soler,Joana,12/05/1935,Rodríguez,Sra.,ES,CASADO,9354764369,84358426112
4641671,2,Soler,Joana,12/05/1935,Rodríguez,Sra.,ES,CASADO,9354764369,84358426112
4641672,2,Soler,Joana,12/05/1935,Rodríguez,Sra.,ES,CASADO,9354764369,84358426112
4641673,2,Soler,Joana,12/05/1935,Rodríguez,Sra.,ES,CASADO,9354764369,84358426112
4641674,2,Soler,Joana,12/05/1935,Rodríguez,Sra.,ES,CASADO,9354764369,84358426112
4641675,2,Soler,Joana,12/05/1935,Rodríguez,Sra.,ES,CASADO,9354764369,84358426112
4641676,2,Soler,Joana,12/05/1935,Rodríguez,Sra.,ES,CASADO,9354764369,84358426112
4641677,2,Soler,Joana,12/05/1935,Rodríguez,Sra.,ES,CASADO,9354764369,84358426112
4641678,2,Soler,Joana,12/05/1935,Rodríguez,Sra.,ES,CASADO,9354764369,84358426112
4641679,2,Soler,Joana,12/05/1935,Rodríguez,Sra.,ES,CASADO,9354764369,84358426112
4641680,2,Soler,Joana,12/05/1935,Rodríguez,Sra.,ES,CASADO,9354764369,84358426112
4641681,2,Soler,Joana,12/05/1935,Rodríguez,Sra.,ES,CASADO,9354764369,84358426112
4641682,2,Soler,Joana,12/05/1935,Rodríguez,Sra.,ES,CASADO,9354764369,84358426112
4641683,2,Soler,Joana,12/05/1935,Rodríguez,Sra.,ES,CASADO,9354764369,84358426112
4641684,2,Soler,Joana,12/05/1935,Rodríguez,Sra.,ES,CASADO,9354764369,84358426112
4641685,2,Soler,Joana,12/05/1935,Rodríguez,Sra.,ES,CASADO,9354764369,84358426112
4641686,2,Soler,Joana,12/05/1935,Rodríguez,Sra.,ES,CASADO,9354764369,84358426112
4641687,2,Soler,Joana,12/05/1935,Rodríguez,Sra.,ES,CASADO,9354764369,84358426112
4641688,2,Soler,Joana,12/05/1935,Rodríguez,Sra.,ES,CASADO,9354764369,84358426112
4641689,2,Soler,Joana,12/05/1935,Rodríguez,Sra.,ES,CASADO,9354764369,84358426112
4641690,2,Soler,Joana,12/05/1935,Rodríguez,Sra.,ES,CASADO,9354764369,84358426112
4641691,2,Soler,Joana,12/05/1935,Rodríguez,Sra.,ES,CASADO,9354764369,84358426112
4641692,2,Soler,Joana,12/05/1935,Rodríguez,Sra.,ES,CASADO,9354764369,84358426112
4641693,2,Soler,Joana,12/05/1935,Rodríguez,Sra.,ES,CASADO,9354764369,84358426112
4641694,2,Soler,Joana,12/05/1935,Rodríguez,Sra.,ES,CASADO,9354764369,84358426112
4641695,2,Soler,Joana,12/05/1935,Rodríguez,Sra.,ES,CASADO,9354764369,84358426112
4641696,2,Soler,Joana,12/05/1935,Rodríguez,Sra.,ES,CASADO,9354764369,84358426112
4641697,2,Soler,Joana,12/05/1935,Rodríguez,Sra.,ES,CASADO,9354764369,84358426112
4641698,2,Soler,Joana,12/05/1935,Rodríguez,Sra.,ES,CASADO,9354764369,84358426112
4641699,2,Soler,Joana,12/05/1935,Rodríguez,Sra.,ES,CASADO,9354764369,84358426112
4641700,2,Soler,Joana,12/05/1935,Rodríguez,Sra.,ES,CASADO,9354764369,84358426112
4641701,2,Soler,Joana,12/05/1935,Rodríguez,Sra.,ES,CASADO,9354764369,84358426112
4641702,2,Soler,Joana,12/05/1935,Rodríguez,Sra.,ES,CASADO,9354764369,84358426112
4641703,2,Soler,Joana,12/05/1935,Rodríguez,Sra.,ES,CASADO,9354764369,84358426112
4641704,2,Soler,Joana,12/05/1935,Rodríguez,Sra.,ES,CASADO,9354764369,84358426112
4641705,2,Soler,Joana,12/05/1935,Rodríguez,Sra.,ES,CASADO,9354764369,84358426112
4641706,2,Soler,Joana,12/05/1935,Rodríguez,Sra.,ES,CASADO,9354764369,84358426112
4641707,2,Soler,Joana,12/05/1935,Rodríguez,Sra.,ES,CASADO,9354764369,84358426112
4641708,2,Soler,Joana,12/05/1935,Rodríguez,Sra.,ES,CASADO,9354764369,84358426112
4641709,2,Soler,Joana,12/05/1935,Rodríguez,Sra.,ES,CASADO,9354764369,84358426112
4641710,2,Soler,Joana,12/05/1935,Rodríguez,Sra.,ES,CASADO,9354764369,84358426112
4641711,2,Soler,Joana,12/05/1935,Rodríguez,Sra.,ES,CASADO,9354764369,84358426112
4641712,2,Soler,Joana,12/05/1935,Rodríguez,Sra.,ES,CASADO,9354764369,84358426112
4641713,2,Soler,Joana,12/05/1935,Rodríguez,Sra.,ES,CASADO,9354764369,84358426112
4641714,2,Soler,Joana,12/05/1935,Rodríguez,Sra.,ES,CASADO,9354764369,84358426112
4641715,2,Soler,Joana,12/05/1935,Rodríguez,Sra.,ES,CASADO,9354764369,84358426112
4641716,2,Soler,Joana,12/05/1935,Rodríguez,Sra.,ES,CASADO,9354764369,84358426112
4641717,2,Soler,Joana,12/05/1935,Rodríguez,Sra.,ES,CASADO,9354764369,84358426112
4641718,2,Soler,Joana,12/05/1935,Rodríguez,Sra.,ES,CASADO,9354764369,84358426112
4641719,2,Soler,Joana,12/05/1935,Rodríguez,Sra.,ES,CASADO,9354764369,84358426112
4641720,2,Soler,Joana,12/05/1935,Rodríguez,Sra.,ES,CASADO,9354764369,84358426112
4641721,2,Soler,Joana,12/05/1935,Rodríguez,Sra.,ES,CASADO,9354764369,84358426112
4641722,2,Soler,Joana,12/05/1935,Rodríguez,Sra.,ES,CASADO,9354764369,84358426112
4641723,2,Soler,Joana,12/05/1935,Rodríguez,Sra.,ES,CASADO,9354764369,84358426112
4641724,2,Soler,Joana,12/05/1935,Rodríguez,Sra.,ES,CASADO,9354764369,84358426112
4641725,2,Soler,Joana,12/05/1935,Rodríguez,Sra.,ES,CASADO,9354764369,84358426112
4641726,2,Soler,Joana,12/05/1935,Rodríguez,Sra.,ES,CASADO,9354764369,84358426112
4641727,2,Soler,Joana,12/05/1935,Rodríguez,Sra.,ES,CASADO,9354764369,84358426112
4641728,2,Soler,Joana,12/05/1935,Rodríguez,Sra.,ES,CASADO,9354764369,84358426112
4641729,2,Soler,Joana,12/05/1935,Rodríguez,Sra.,ES,CASADO,9354764369,84358426112
4641730,2,Soler,Joana,12/05/1935,Rodríguez,Sra.,ES,CASADO,9354764369,84358426112
4641731,2,Soler,Joana,12/05/1935,Rodríguez,Sra.,ES,CASADO,9354764369,84358426112
4641732,2,Soler,Joana,12/05/1935,Rodríguez,Sra.,ES,CASADO,9354764369,84358426112
4641733,2,Soler,Joana,12/05/1935,Rodríguez,Sra.,ES,CASADO,9354764369,84358426112
4641734,2,Soler,Joana,12/05/1935,Rodríguez,Sra.,ES,CASADO,9354764369,84358426112
4641735,2,Soler,Joana,12/05/1935,Rodríguez,Sra.,ES,CASADO,9354764369,84358426112
4641736,2,Soler,Joana,12/05/1935,Rodríguez,Sra.,ES,CASADO,9354764369,84358426112
4641737,2,Soler,Joana,12/05/1935,Rodríguez,Sra.,ES,CASADO,9354764369,84358426112
4641738,2,Soler,Joana,12/05/1935,Rodríguez,Sra.,ES,CASADO,9354764369,84358426112
4641739,2,Soler,Joana,12/05/1935,Rodríguez,Sra.,ES,CASADO,9354764369,84358426112
4641740,2,Soler,Joana,12/05/1935,Rodríguez,Sra.,ES,CASADO,9354764369,84358426112
4641741,2,Soler,Joana,12/05/1935,Rodríguez,Sra.,ES,CASADO,9354764369,84358426112
4641742,2,Soler,Joana,12/05/1935,Rodríguez,Sra.,ES,CASADO,9354764369,84358426112
4641743,2,Soler,Joana,12/05/1935,Rodríguez,Sra.,ES,CASADO,9354764369,84358426112
4641744,2,Soler,Joana,12/05/1935,Rodríguez,Sra.,ES,CASADO,9354764369,84358426112
4641745,2,Soler,Joana,12/05/1935,Rodríguez,Sra.,ES,CASADO,9354764369,84358426112
4641746,2,Soler,Joana,12/05/1935,Rodríguez,Sra.,ES,CASADO,9354764369,84358426112
4641747,2,Soler,Joana,12/05/1935,Rodríguez,Sra.,ES,CASADO,9354764369,84358426112
4641748,2,Soler,Joana,12/05/1935,Rodríguez,Sra.,ES,CASADO,9354764369,84358426112
4641749,2,Soler,Joana,12/05/1935,Rodríguez,Sra.,ES,CASADO,9354764369,84358426112
4641750,2,Soler,Joana,12/05/1935,Rodríguez,Sra.,ES,CASADO,9354764369,84358426112
4641751,2,Soler,Joana,12/05/1935,Rodríguez,Sra.,ES,CASADO,9354764369,84358426112
4641752,2,Soler,Joana,12/05/1935,Rodríguez,Sra.,ES,CASADO,9354764369,84358426112
4641753,2,Soler,Joana,12/05/1935,Rodríguez,Sra.,ES,CASADO,9354764369,84358426112
4641754,2,Soler,Joana,12/05/1935,Rodríguez,Sra.,ES,CASADO,9354764369,84358426112
4641755,2,Soler,Joana,12/05/1935,Rodríguez,Sra.,ES,CASADO,9354764369,84358426112
4641756,2,Soler,Joana,12/05/1935,Rodríguez,Sra.,ES,CASADO,9354764369,84358426112
4641757,2,Soler,Joana,12/05/1935,Rodríguez,Sra.,ES,CASADO,9354764369,84358426112
4641758,2,Soler,Joana,12/05/1935,Rodríguez,Sra.,ES,CASADO,9354764369,84358426112
4641759,2,Soler,Joana,12/05/1935,Rodríguez,Sra.,ES,CASADO,9354764369,84358426112
4641760,2,Soler,Joana,12/05/1935,Rodríguez,Sra.,ES,CASADO,9354764369,84358426112
4641761,2,Soler,Joana,12/05/1935,Rodríguez,Sra.,ES,CASADO,9354764369,84358426112
4641762,2,Soler,Joana,12/05/1935,Rodríguez,Sra.,ES,CASADO,9354764369,84358426112
4641763,2,Soler,Joana,12/05/1935,Rodríguez,Sra.,ES,CASADO,9354764369,84358426112
4641764,2,Soler,Joana,12/05/1935,Rodríguez,Sra.,ES,CASADO,9354764369,84358426112
4641765,2,Soler,Joana,12/05/1935,Rodríguez,Sra.,ES,CASADO,9354764369,84358426112
4641766,2,Soler,Joana,12/05/1935,Rodríguez,Sra.,ES,CASADO,9354764369,84358426112
4641767,2,Soler,Joana,12/05/1935,Rodríguez,Sra.,ES,CASADO,9354764369,84358426112
4641768,2,Soler,Joana,12/05/1935,Rodríguez,Sra.,ES,CASADO,9354764369,84358426112
4641769,2,Soler,Joana,12/05/1935,Rodríguez,Sra.,ES,CASADO,9354764369,84358426112
4641770,2,Soler,Joana,12/05/1935,Rodríguez,Sra.,ES,CASADO,9354764369,84358426112
4641771,2,Soler,Joana,12/05/1935,Rodríguez,Sra.,ES,CASADO,9354764369,84358426112
4641772,2,Soler,Joana,12/05/1935,Rodríguez,Sra.,ES,CASADO,9354764369,84358426112
4641773,2,Soler,Joana,12/05/1935,Rodríguez,Sra.,ES,CASADO,9354764369,84358426112
4641774,2,Soler,Joana,12/05/1935,Rodríguez,Sra.,ES,CASADO,9354764369,84358426112
4641775,2,Soler,Joana,12/05/1935,Rodríguez,Sra.,ES,CASADO,9354764369,84358426112
4641776,2,Soler,Joana,12/05/1935,Rodríguez,Sra.,ES,CASADO,9354764369,84358426112
4641777,2,Soler,Joana,12/05/1935,Rodríguez,Sra.,ES,CASADO,9354764369,84358426112
4641778,2,Soler,Joana,12/05/1935,Rodríguez,Sra.,ES,CASADO,9354764369,84358426112
4641779,2,Soler,Joana,12/05/1935,Rodríguez,Sra.,ES,CASADO,9354764369,84358426112
4641780,2,Soler,Joana,12/05/1935,Rodríguez,Sra.,ES,CASADO,9354764369,84358426112
4641781,2,Soler,Joana,12/05/1935,Rodríguez,Sra.,ES,CASADO,9354764369,84358426112
4641782,2,Soler,Joana,12/05/1935,Rodríguez,Sra.,ES,CASADO,9354764369,84358426112
4641783,2,Soler,Joana,12/05/1935,Rodríguez,Sra.,ES,CASADO,9354764369,84358426112
4641784,2,Soler,Joana,12/05/1935,Rodríguez,Sra.,ES,CASADO,9354764369,84358426112
4641785,2,Soler,Joana,12/05/1935,Rodríguez,Sra.,ES,CASADO,9354764369,84358426112
4641786,2,Soler,Joana,12/05/1935,Rodríguez,Sra.,ES,CASADO,9354764369,84358426112
4641787,2,Soler,Joana,12/05/1935,Rodríguez,Sra.,ES,CASADO,9354764369,84358426112
4641788,2,Soler,Joana,12/05/1935,Rodríguez,Sra.,ES,CASADO,9354764369,84358426112
4641789,2,Soler,Joana,12/05/1935,Rodríguez,Sra.,ES,CASADO,9354764369,84358426112
4641790,2,Soler,Joana,12/05/1935,Rodríguez,Sra.,ES,CASADO,9354764369,84358426112
4641791,2,Soler,Joana,12/05/1935,Rodríguez,Sra.,ES,CASADO,9354764369,84358426112
4641792,2,Soler,Joana,12/05/1935,Rodríguez,Sra.,ES,CASADO,9354764369,84358426112
4641793,2,Soler,Joana,12/05/1935,Rodríguez,Sra.,ES,CASADO,9354764369,84358426112
4641794,2,Soler,Joana,12/05/1935,Rodríguez,Sra.,ES,CASADO,9354764369,84358426112
4641795,2,Soler,Joana,12/05/1935,Rodríguez,Sra.,ES,CASADO,9354764369,84358426112
4641796,2,Soler,Joana,12/05/1935,Rodríguez,Sra.,ES,CASADO,9354764369,84358426112
4641797,2,Soler,Joana,12/05/1935,Rodríguez,Sra.,ES,CASADO,9354764369,84358426112
4641798,2,Soler,Joana,12/05/1935,Rodríguez,Sra.,ES,CASADO,9354764369,84358426112
4641799,2,Soler,Joana,12/05/1935,Rodríguez,Sra.,ES,CASADO,9354764369,84358426112
4641800,2,Soler,Joana,12/05/1935,Rodríguez,Sra.,ES,CASADO,9354764369,84358426112
4641801,2,Soler,Joana,12/05/1935,Rodríguez,Sra.,ES,CASADO,9354764369,84358426112
4641802,2,Soler,Joana,12/05/1935,Rodríguez,Sra.,ES,CASADO,9354764369,84358426112
4641803,2,Soler,Joana,12/05/1935,Rodríguez,Sra.,ES,CASADO,9354764369,84358426112
4641804,2,Soler,Joana,12/05/1935,Rodríguez,Sra.,ES,CASADO,9354764369,84358426112
4641805,2,Soler,Joana,12/05/1935,Rodríguez,Sra.,ES,CASADO,9354764369,84358426112
4641806,2,Soler,Joana,12/05/1935,Rodríguez,Sra.,ES,CASADO,9354764369,84358426112
4641807,2,Soler,Joana,12/05/1935,Rodríguez,Sra.,ES,CASADO,9354764369,84358426112
4641808,2,Soler,Joana,12/05/1935,Rodríguez,Sra.,ES,CASADO,9354764369,84358426112
4641809,2,Soler,Joana,12/05/1935,Rodríguez,Sra.,ES,CASADO,9354764369,84358426112
4641810,2,Soler,Joana,12/05/1935,Rodríguez,Sra.,ES,CASADO,9354764369,84358426112
4641811,2,Soler,Joana,12/05/1935,Rodríguez,Sra.,ES,CASADO,9354764369,84358426112
4641812,2,Soler,Joana,12/05/1935,Rodríguez,Sra.,ES,CASADO,9354764369,84358426112
4641813,2,Soler,Joana,12/05/1935,Rodríguez,Sra.,ES,CASADO,9354764369,84358426112
4641814,2,Soler,Joana,12/05/1935,Rodríguez,Sra.,ES,CASADO,9354764369,84358426112
4641815,2,Soler,Joana,12/05/1935,Rodríguez,Sra.,ES,CASADO,9354764369,84358426112
4641816,2,Soler,Joana,12/05/1935,Rodríguez,Sra.,ES,CASADO,9354764369,84358426112
4641817,2,Soler,Joana,12/05/1935,Rodríguez,Sra.,ES,CASADO,9354764369,84358426112
4641818,2,Soler,Joana,12/05/1935,Rodríguez,Sra.,ES,CASADO,9354764369,84358426112
4641819,2,Soler,Joana,12/05/1935,Rodríguez,Sra.,ES,CASADO,9354764369,84358426112
4641820,2,Soler,Joana,12/05/1935,Rodríguez,Sra.,ES,CASADO,9354764369,84358426112
4641821,2,Soler,Joana,12/05/1935,Rodríguez,Sra.,ES,CASADO,9354764369,84358426112
4641822,2,Soler,Joana,12/05/1935,Rodríguez,Sra.,ES,CASADO,9354764369,84358426112
4641823,2,Soler,Joana,12/05/1935,Rodríguez,Sra.,ES,CASADO,9354764369,84358426112
4641824,2,Soler,Joana,12/05/1935,Rodríguez,Sra.,ES,CASADO,9354764369,84358426112
4641825,2,Soler,Joana,12/05/1935,Rodríguez,Sra.,ES,CASADO,9354764369,84358426112
4641826,2,Soler,Joana,12/05/1935,Rodríguez,Sra.,ES,CASADO,9354764369,84358426112
4641827,2,Soler,Joana,12/05/1935,Rodríguez,Sra.,ES,CASADO,9354764369,84358426112
4641828,2,Soler,Joana,12/05/1935,Rodríguez,Sra.,ES,CASADO,9354764369,84358426112
4641829,2,Soler,Joana,12/05/1935,Rodríguez,Sra.,ES,CASADO,9354764369,84358426112
4641830,2,Soler,Joana,12/05/1935,Rodríguez,Sra.,ES,CASADO,9354764369,84358426112
4641831,2,Soler,Joana,12/05/1935,Rodríguez,Sra.,ES,CASADO,9354764369,84358426112
4641832,2,Soler,Joana,12/05/1935,Rodríguez,Sra.,ES,CASADO,9354764369,84358426112
4641833,2,Soler,Joana,12/05/1935,Rodríguez,Sra.,ES,CASADO,9354764369,84358426112
4641834,2,Soler,Joana,12/05/1935,Rodríguez,Sra.,ES,CASADO,9354764369,84358426112
4641835,2,Soler,Joana,12/05/1935,Rodríguez,Sra.,ES,CASADO,9354764369,84358426112
4641836,2,Soler,Joana,12/05/1935,Rodríguez,Sra.,ES,CASADO,9354764369,84358426112
4641837,2,Soler,Joana,12/05/1935,Rodríguez,Sra.,ES,CASADO,9354764369,84358426112
4641838,2,Soler,Joana,12/05/1935,Rodríguez,Sra.,ES,CASADO,9354764369,84358426112
4641839,2,Soler,Joana,12/05/1935,Rodríguez,Sra.,ES,CASADO,9354764369,84358426112
4641840,2,Soler,Joana,12/05/1935,Rodríguez,Sra.,ES,CASADO,9354764369,84358426112
4641841,2,Soler,Joana,12/05/1935,Rodríguez,Sra.,ES,CASADO,9354764369,84358426112
4641842,2,Soler,Joana,12/05/1935,Rodríguez,Sra.,ES,CASADO,9354764369,84358426112
4641843,2,Soler,Joana,12/05/1935,Rodríguez,Sra.,ES,CASADO,9354764369,84358426112
4641844,2,Soler,Joana,12/05/1935,Rodríguez,Sra.,ES,CASADO,9354764369,84358426112
4641845,2,Soler,Joana,12/05/1935,Rodríguez,Sra.,ES,CASADO,9354764369,84358426112
4641846,2,Soler,Joana,12/05/1935,Rodríguez,Sra.,ES,CASADO,9354764369,84358426112
4641847,2,Soler,Joana,12/05/1935,Rodríguez,Sra.,ES,CASADO,9354764369,84358426112
4641848,2,Soler,Joana,12/05/1935,Rodríguez,Sra.,ES,CASADO,9354764369,84358426112
4641849,2,Soler,Joana,12/05/1935,Rodríguez,Sra.,ES,CASADO,9354764369,84358426112
4641850,2,Soler,Joana,12/05/1935,Rodríguez,Sra.,ES,CASADO,9354764369,84358426112
4641851,2,Soler,Joana,12/05/1935,Rodríguez,Sra.,ES,CASADO,9354764369,84358426112
4641852,2,Soler,Joana,12/05/1935,Rodríguez,Sra.,ES,CASADO,9354764369,84358426112
4641853,2,Soler,Joana,12/05/1935,Rodríguez,Sra.,ES,CASADO,9354764369,84358426112
4641854,2,Soler,Joana,12/05/1935,Rodríguez,Sra.,ES,CASADO,9354764369,84358426112
4641855,2,Soler,Joana,12/05/1935,Rodríguez,Sra.,ES,CASADO,9354764369,84358426112
4641856,2,Soler,Joana,12/05/1935,Rodríguez,Sra.,ES,CASADO,9354764369,84358426112
4641857,2,Soler,Joana,12/05/1935,Rodríguez,Sra.,ES,CASADO,9354764369,84358426112
4641858,2,Soler,Joana,12/05/1935,Rodríguez,Sra.,ES,CASADO,9354764369,84358426112
4641859,2,Soler,Joana,12/05/1935,Rodríguez,Sra.,ES,CASADO,9354764369,84358426112
4641860,2,Soler,Joana,12/05/1935,Rodríguez,Sra.,ES,CASADO,9354764369,84358426112
4641861,2,Soler,Joana,12/05/1935,Rodríguez,Sra.,ES,CASADO,9354764369,84358426112
4641862,2,Soler,Joana,12/05/1935,Rodríguez,Sra.,ES,CASADO,9354764369,84358426112
4641863,2,Soler,Joana,12/05/1935,Rodríguez,Sra.,ES,CASADO,9354764369,84358426112
4641864,2,Soler,Joana,12/05/1935,Rodríguez,Sra.,ES,CASADO,9354764369,84358426112
4641865,2,Soler,Joana,12/05/1935,Rodríguez,Sra.,ES,CASADO,9354764369,84358426112
4641866,2,Soler,Joana,12/05/1935,Rodríguez,Sra.,ES,CASADO,9354764369,84358426112
4641867,2,Soler,Joana,12/05/1935,Rodríguez,Sra.,ES,CASADO,9354764369,84358426112
4641868,2,Soler,Joana,12/05/1935,Rodríguez,Sra.,ES,CASADO,9354764369,84358426112
4641869,2,Soler,Joana,12/05/1935,Rodríguez,Sra.,ES,CASADO,9354764369,84358426112
4641870,2,Soler,Joana,12/05/1935,Rodríguez,Sra.,ES,CASADO,9354764369,84358426112
4641871,2,Soler,Joana,12/05/1935,Rodríguez,Sra.,ES,CASADO,9354764369,84358426112
4641872,2,Soler,Joana,12/05/1935,Rodríguez,Sra.,ES,CASADO,9354764369,84358426112
4641873,2,Soler,Joana,12/05/1935,Rodríguez,Sra.,ES,CASADO,9354764369,84358426112
4641874,2,Soler,Joana,12/05/1935,Rodríguez,Sra.,ES,CASADO,9354764369,84358426112
4641875,2,Soler,Joana,12/05/1935,Rodríguez,Sra.,ES,CASADO,9354764369,84358426112
4641876,2,Soler,Joana,12/05/1935,Rodríguez,Sra.,ES,CASADO,9354764369,84358426112
4641877,2,Soler,Joana,12/05/1935,Rodríguez,Sra.,ES,CASADO,9354764369,84358426112
4641878,2,Soler,Joana,12/05/1935,Rodríguez,Sra.,ES,CASADO,9354764369,84358426112
4641879,2,Soler,Joana,12/05/1935,Rodríguez,Sra.,ES,CASADO,9354764369,84358426112
4641880,2,Soler,Joana,12/05/1935,Rodríguez,Sra.,ES,CASADO,9354764369,84358426112
4641881,2,Soler,Joana,12/05/1935,Rodríguez,Sra.,ES,CASADO,9354764369,84358426112
4641882,2,Soler,Joana,12/05/1935,Rodríguez,Sra.,ES,CASADO,9354764369,84358426112
4641883,2,Soler,Joana,12/05/1935,Rodríguez,Sra.,ES,CASADO,9354764369,84358426112
4641884,2,Soler,Joana,12/05/1935,Rodríguez,Sra.,ES,CASADO,9354764369,84358426112
4641885,2,Soler,Joana,12/05/1935,Rodríguez,Sra.,ES,CASADO,9354764369,84358426112
4641886,2,Soler,Joana,12/05/1935,Rodríguez,Sra.,ES,CASADO,9354764369,84358426112
4641887,2,Soler,Joana,12/05/1935,Rodríguez,Sra.,ES,CASADO,9354764369,84358426112
4641888,2,Soler,Joana,12/05/1935,Rodríguez,Sra.,ES,CASADO,9354764369,84358426112
4641889,2,Soler,Joana,12/05/1935,Rodríguez,Sra.,ES,CASADO,9354764369,84358426112
4641890,2,Soler,Joana,12/05/1935,Rodríguez,Sra.,ES,CASADO,9354764369,84358426112
4641891,2,Soler,Joana,12/05/1935,Rodríguez,Sra.,ES,CASADO,9354764369,84358426112
4641892,2,Soler,Joana,12/05/1935,Rodríguez,Sra.,ES,CASADO,9354764369,84358426112
4641893,2,Soler,Joana,12/05/1935,Rodríguez,Sra.,ES,CASADO,9354764369,84358426112
4641894,2,Soler,Joana,12/05/1935,Rodríguez,Sra.,ES,CASADO,9354764369,84358426112
4641895,2,Soler,Joana,12/05/1935,Rodríguez,Sra.,ES,CASADO,9354764369,84358426112
4641896,2,Soler,Joana,12/05/1935,Rodríguez,Sra.,ES,CASADO,9354764369,84358426112
4641897,2,Soler,Joana,12/05/1935,Rodríguez,Sra.,ES,CASADO,9354764369,84358426112
4641898,2,Soler,Joana,12/05/1935,Rodríguez,Sra.,ES,CASADO,9354764369,84358426112
4641899,2,Soler,Joana,12/05/1935,Rodríguez,Sra.,ES,CASADO,9354764369,84358426112
4641900,2,Soler,Joana,12/05/1935,Rodríguez,Sra.,ES,CASADO,9354764369,84358426112
4641901,2,Soler,Joana,12/05/1935,Rodríguez,Sra.,ES,CASADO,9354764369,84358426112
4641902,2,Soler,Joana,12/05/1935,Rodríguez,Sra.,ES,CASADO,9354764369,84358426112
4641903,2,Soler,Joana,12/05/1935,Rodríguez,Sra.,ES,CASADO,9354764369,84358426112
4641904,2,Soler,Joana,12/05/1935,Rodríguez,Sra.,ES,CASADO,9354764369,84358426112
4641905,2,Soler,Joana,12/05/1935,Rodríguez,Sra.,ES,CASADO,9354764369,84358426112
4641906,2,Soler,Joana,12/05/1935,Rodríguez,Sra.,ES,CASADO,9354764369,84358426112
4641907,2,Soler,Joana,12/05/1935,Rodríguez,Sra.,ES,CASADO,9354764369,84358426112
4641908,2,Soler,Joana,12/05/1935,Rodríguez,Sra.,ES,CASADO,9354764369,84358426112
4641909,2,Soler,Joana,12/05/1935,Rodríguez,Sra.,ES,CASADO,9354764369,84358426112
4641910,2,Soler,Joana,12/05/1935,Rodríguez,Sra.,ES,CASADO,9354764369,84358426112
4641911,2,Soler,Joana,12/05/1935,Rodríguez,Sra.,ES,CASADO,9354764369,84358426112
4641912,2,Soler,Joana,12/05/1935,Rodríguez,Sra.,ES,CASADO,9354764369,84358426112
4641913,2,Soler,Joana,12/05/1935,Rodríguez,Sra.,ES,CASADO,9354764369,84358426112
4641914,2,Soler,Joana,12/05/1935,Rodríguez,Sra.,ES,CASADO,9354764369,84358426112
4641915,2,Soler,Joana,12/05/1935,Rodríguez,Sra.,ES,CASADO,9354764369,84358426112
4641916,2,Soler,Joana,12/05/1935,Rodríguez,Sra.,ES,CASADO,9354764369,84358426112
4641917,2,Soler,Joana,12/05/1935,Rodríguez,Sra.,ES,CASADO,9354764369,84358426112
4641918,2,Soler,Joana,12/05/1935,Rodríguez,Sra.,ES,CASADO,9354764369,84358426112
4641919,2,Soler,Joana,12/05/1935,Rodríguez,Sra.,ES,CASADO,9354764369,84358426112
4641920,2,Soler,Joana,12/05/1935,Rodríguez,Sra.,ES,CASADO,9354764369,84358426112
4641921,2,Soler,Joana,12/05/1935,Rodríguez,Sra.,ES,CASADO,9354764369,84358426112
4641922,2,Soler,Joana,12/05/1935,Rodríguez,Sra.,ES,CASADO,9354764369,84358426112
4641923,2,Soler,Joana,12/05/1935,Rodríguez,Sra.,ES,CASADO,9354764369,84358426112
4641924,2,Soler,Joana,12/05/1935,Rodríguez,Sra.,ES,CASADO,9354764369,84358426112
4641925,2,Soler,Joana,12/05/1935,Rodríguez,Sra.,ES,CASADO,9354764369,84358426112
4641926,2,Soler,Joana,12/05/1935,Rodríguez,Sra.,ES,CASADO,9354764369,84358426112
4641927,2,Soler,Joana,12/05/1935,Rodríguez,Sra.,ES,CASADO,9354764369,84358426112
4641928,2,Soler,Joana,12/05/1935,Rodríguez,Sra.,ES,CASADO,9354764369,84358426112
4641929,2,Soler,Joana,12/05/1935,Rodríguez,Sra.,ES,CASADO,9354764369,84358426112
4641930,2,Soler,Joana,12/05/1935,Rodríguez,Sra.,ES,CASADO,9354764369,84358426112
4641931,2,Soler,Joana,12/05/1935,Rodríguez,Sra.,ES,CASADO,9354764369,84358426112
4641932,2,Soler,Joana,12/05/1935,Rodríguez,Sra.,ES,CASADO,9354764369,84358426112
4641933,2,Soler,Joana,12/05/1935,Rodríguez,Sra.,ES,CASADO,9354764369,84358426112
4641934,2,Soler,Joana,12/05/1935,Rodríguez,Sra.,ES,CASADO,9354764369,84358426112
4641935,2,Soler,Joana,12/05/1935,Rodríguez,Sra.,ES,CASADO,9354764369,84358426112
4641936,2,Soler,Joana,12/05/1935,Rodríguez,Sra.,ES,CASADO,9354764369,84358426112
4641937,2,Soler,Joana,12/05/1935,Rodríguez,Sra.,ES,CASADO,9354764369,84358426112
4641938,2,Soler,Joana,12/05/1935,Rodríguez,Sra.,ES,CASADO,9354764369,84358426112
4641939,2,Soler,Joana,12/05/1935,Rodríguez,Sra.,ES,CASADO,9354764369,84358426112
4641940,2,Soler,Joana,12/05/1935,Rodríguez,Sra.,ES,CASADO,9354764369,84358426112
4641941,2,Soler,Joana,12/05/1935,Rodríguez,Sra.,ES,CASADO,9354764369,84358426112
4641942,2,Soler,Joana,12/05/1935,Rodríguez,Sra.,ES,CASADO,9354764369,84358426112
4641943,2,Soler,Joana,12/05/1935,Rodríguez,Sra.,ES,CASADO,9354764369,84358426112
4641944,2,Soler,Joana,12/05/1935,Rodríguez,Sra.,ES,CASADO,9354764369,84358426112
4641945,2,Soler,Joana,12/05/1935,Rodríguez,Sra.,ES,CASADO,9354764369,84358426112
4641946,2,Soler,Joana,12/05/1935,Rodríguez,Sra.,ES,CASADO,9354764369,84358426112
4641947,2,Soler,Joana,12/05/1935,Rodríguez,Sra.,ES,CASADO,9354764369,84358426112
4641948,2,Soler,Joana,12/05/1935,Rodríguez,Sra.,ES,CASADO,9354764369,84358426112
4641949,2,Soler,Joana,12/05/1935,Rodríguez,Sra.,ES,CASADO,9354764369,84358426112
4641950,2,Soler,Joana,12/05/1935,Rodríguez,Sra.,ES,CASADO,9354764369,84358426112
4641951,2,Soler,Joana,12/05/1935,Rodríguez,Sra.,ES,CASADO,9354764369,84358426112
4641952,2,Soler,Joana,12/05/1935,Rodríguez,Sra.,ES,CASADO,9354764369,84358426112
4641953,2,Soler,Joana,12/05/1935,Rodríguez,Sra.,ES,CASADO,9354764369,84358426112
4641954,2,Soler,Joana,12/05/1935,Rodríguez,Sra.,ES,CASADO,9354764369,84358426112
4641955,2,Soler,Joana,12/05/1935,Rodríguez,Sra.,ES,CASADO,9354764369,84358426112
4641956,2,Soler,Joana,12/05/1935,Rodríguez,Sra.,ES,CASADO,9354764369,84358426112
4641957,2,Soler,Joana,12/05/1935,Rodríguez,Sra.,ES,CASADO,9354764369,84358426112
4641958,2,Soler,Joana,12/05/1935,Rodríguez,Sra.,ES,CASADO,9354764369,84358426112
4641959,2,Soler,Joana,12/05/1935,Rodríguez,Sra.,ES,CASADO,9354764369,84358426112
4641960,2,Soler,Joana,12/05/1935,Rodríguez,Sra.,ES,CASADO,9354764369,84358426112
4641961,2,Soler,Joana,12/05/1935,Rodríguez,Sra.,ES,CASADO,9354764369,84358426112
4641962,2,Soler,Joana,12/05/1935,Rodríguez,Sra.,ES,CASADO,9354764369,84358426112
4641963,2,Soler,Joana,12/05/1935,Rodríguez,Sra.,ES,CASADO,9354764369,84358426112
4641964,2,Soler,Joana,12/05/1935,Rodríguez,Sra.,ES,CASADO,9354764369,84358426112
4641965,2,Soler,Joana,12/05/1935,Rodríguez,Sra.,ES,CASADO,9354764369,84358426112
4641966,2,Soler,Joana,12/05/1935,Rodríguez,Sra.,ES,CASADO,9354764369,84358426112
4641967,2,Soler,Joana,12/05/1935,Rodríguez,Sra.,ES,CASADO,9354764369,84358426112
4641968,2,Soler,Joana,12/05/1935,Rodríguez,Sra.,ES,CASADO,9354764369,84358426112
4641969,2,Soler,Joana,12/05/1935,Rodríguez,Sra.,ES,CASADO,9354764369,84358426112
4641970,2,Soler,Joana,12/05/1935,Rodríguez,Sra.,ES,CASADO,9354764369,84358426112
4641971,2,Soler,Joana,12/05/1935,Rodríguez,Sra.,ES,CASADO,9354764369,84358426112
4641972,2,Soler,Joana,12/05/1935,Rodríguez,Sra.,ES,CASADO,9354764369,84358426112
4641973,2,Soler,Joana,12/05/1935,Rodríguez,Sra.,ES,CASADO,9354764369,84358426112
4641974,2,Soler,Joana,12/05/1935,Rodríguez,Sra.,ES,CASADO,9354764369,84358426112
4641975,2,Soler,Joana,12/05/1935,Rodríguez,Sra.,ES,CASADO,9354764369,84358426112
4641976,2,Soler,Joana,12/05/1935,Rodríguez,Sra.,ES,CASADO,9354764369,84358426112
4641977,2,Soler,Joana,12/05/1935,Rodríguez,Sra.,ES,CASADO,9354764369,84358426112
4641978,2,Soler,Joana,12/05/1935,Rodríguez,Sra.,ES,CASADO,9354764369,84358426112
4641979,2,Soler,Joana,12/05/1935,Rodríguez,Sra.,ES,CASADO,9354764369,84358426112
4641980,2,Soler,Joana,12/05/1935,Rodríguez,Sra.,ES,CASADO,9354764369,84358426112
4641981,2,Soler,Joana,12/05/1935,Rodríguez,Sra.,ES,CASADO,9354764369,84358426112
4641982,2,Soler,Joana,12/05/1935,Rodríguez,Sra.,ES,CASADO,9354764369,84358426112
4641983,2,Soler,Joana,12/05/1935,Rodríguez,Sra.,ES,CASADO,9354764369,84358426112
4641984,2,Soler,Joana,12/05/1935,Rodríguez,Sra.,ES,CASADO,9354764369,84358426112
4641985,2,Soler,Joana,12/05/1935,Rodríguez,Sra.,ES,CASADO,9354764369,84358426112
4641986,2,Soler,Joana,12/05/1935,Rodríguez,Sra.,ES,CASADO,9354764369,84358426112
4641987,2,Soler,Joana,12/05/1935,Rodríguez,Sra.,ES,CASADO,9354764369,84358426112
4641988,2,Soler,Joana,12/05/1935,Rodríguez,Sra.,ES,CASADO,9354764369,84358426112
4641989,2,Soler,Joana,12/05/1935,Rodríguez,Sra.,ES,CASADO,9354764369,84358426112
4641990,2,Soler,Joana,12/05/1935,Rodríguez,Sra.,ES,CASADO,9354764369,84358426112
4641991,2,Soler,Joana,12/05/1935,Rodríguez,Sra.,ES,CASADO,9354764369,84358426112
4641992,2,Soler,Joana,12/05/1935,Rodríguez,Sra.,ES,CASADO,9354764369,84358426112
4641993,2,Soler,Joana,12/05/1935,Rodríguez,Sra.,ES,CASADO,9354764369,84358426112
4641994,2,Soler,Joana,12/05/1935,Rodríguez,Sra.,ES,CASADO,9354764369,84358426112
4641995,2,Soler,Joana,12/05/1935,Rodríguez,Sra.,ES,CASADO,9354764369,84358426112
4641996,2,Soler,Joana,12/05/1935,Rodríguez,Sra.,ES,CASADO,9354764369,84358426112
4641997,2,Soler,Joana,12/05/1935,Rodríguez,Sra.,ES,CASADO,9354764369,84358426112
4641998,2,Soler,Joana,12/05/1935,Rodríguez,Sra.,ES,CASADO,9354764369,84358426112
4641999,2,Soler,Joana,12/05/1935,Rodríguez,Sra.,ES,CASADO,9354764369,84358426112
4642000,2,Soler,Joana,12/05/1935,Rodríguez,Sra.,ES,CASADO,9354764369,84358426112
4642001,2,Soler,Joana,12/05/1935,Rodríguez,Sra.,ES,CASADO,9354764369,84358426112
4642002,2,Soler,Joana,12/05/1935,Rodríguez,Sra.,ES,CASADO,9354764369,84358426112
4642003,2,Soler,Joana,12/05/1935,Rodríguez,Sra.,ES,CASADO,9354764369,84358426112
4642004,2,Soler,Joana,12/05/1935,Rodríguez,Sra.,ES,CASADO,9354764369,84358426112
4642005,2,Soler,Joana,12/05/1935,Rodríguez,Sra.,ES,CASADO,9354764369,84358426112
4642006,2,Soler,Joana,12/05/1935,Rodríguez,Sra.,ES,CASADO,9354764369,84358426112
4642007,2,Soler,Joana,12/05/1935,Rodríguez,Sra.,ES,CASADO,9354764369,84358426112
4642008,2,Soler,Joana,12/05/1935,Rodríguez,Sra.,ES,CASADO,9354764369,84358426112
4642009,2,Soler,Joana,12/05/1935,Rodríguez,Sra.,ES,CASADO,9354764369,84358426112
4642010,2,Soler,Joana,12/05/1935,Rodríguez,Sra.,ES,CASADO,9354764369,84358426112
4642011,2,Soler,Joana,12/05/1935,Rodríguez,Sra.,ES,CASADO,9354764369,84358426112
4642012,2,Soler,Joana,12/05/1935,Rodríguez,Sra.,ES,CASADO,9354764369,84358426112
4642013,2,Soler,Joana,12/05/1935,Rodríguez,Sra.,ES,CASADO,9354764369,84358426112
4642014,2,Soler,Joana,12/05/1935,Rodríguez,Sra.,ES,CASADO,9354764369,84358426112
4642015,2,Soler,Joana,12/05/1935,Rodríguez,Sra.,ES,CASADO,9354764369,84358426112
4642016,2,Soler,Joana,12/05/1935,Rodríguez,Sra.,ES,CASADO,9354764369,84358426112
4642017,2,Soler,Joana,12/05/1935,Rodríguez,Sra.,ES,CASADO,9354764369,84358426112
4642018,2,Soler,Joana,12/05/1935,Rodríguez,Sra.,ES,CASADO,9354764369,84358426112
4642019,2,Soler,Joana,12/05/1935,Rodríguez,Sra.,ES,CASADO,9354764369,84358426112
4642020,2,Soler,Joana,12/05/1935,Rodríguez,Sra.,ES,CASADO,9354764369,84358426112
4642021,2,Soler,Joana,12/05/1935,Rodríguez,Sra.,ES,CASADO,9354764369,84358426112
4642022,2,Soler,Joana,12/05/1935,Rodríguez,Sra.,ES,CASADO,9354764369,84358426112
4642023,2,Soler,Joana,12/05/1935,Rodríguez,Sra.,ES,CASADO,9354764369,84358426112
4642024,2,Soler,Joana,12/05/1935,Rodríguez,Sra.,ES,CASADO,9354764369,84358426112
4642025,2,Soler,Joana,12/05/1935,Rodríguez,Sra.,ES,CASADO,9354764369,84358426112
4642026,2,Soler,Joana,12/05/1935,Rodríguez,Sra.,ES,CASADO,9354764369,84358426112
4642027,2,Soler,Joana,12/05/1935,Rodríguez,Sra.,ES,CASADO,9354764369,84358426112
4642028,2,Soler,Joana,12/05/1935,Rodríguez,Sra.,ES,CASADO,9354764369,84358426112
4642029,2,Soler,Joana,12/05/1935,Rodríguez,Sra.,ES,CASADO,9354764369,84358426112
4642030,2,Soler,Joana,12/05/1935,Rodríguez,Sra.,ES,CASADO,9354764369,84358426112
4642031,2,Soler,Joana,12/05/1935,Rodríguez,Sra.,ES,CASADO,9354764369,84358426112
4642032,2,Soler,Joana,12/05/1935,Rodríguez,Sra.,ES,CASADO,9354764369,84358426112
4642033,2,Soler,Joana,12/05/1935,Rodríguez,Sra.,ES,CASADO,9354764369,84358426112
4642034,2,Soler,Joana,12/05/1935,Rodríguez,Sra.,ES,CASADO,9354764369,84358426112
4642035,2,Soler,Joana,12/05/1935,Rodríguez,Sra.,ES,CASADO,9354764369,84358426112
4642036,2,Soler,Joana,12/05/1935,Rodríguez,Sra.,ES,CASADO,9354764369,84358426112
4642037,2,Soler,Joana,12/05/1935,Rodríguez,Sra.,ES,CASADO,9354764369,84358426112
4642038,2,Soler,Joana,12/05/1935,Rodríguez,Sra.,ES,CASADO,9354764369,84358426112
4642039,2,Soler,Joana,12/05/1935,Rodríguez,Sra.,ES,CASADO,9354764369,84358426112
4642040,2,Soler,Joana,12/05/1935,Rodríguez,Sra.,ES,CASADO,9354764369,84358426112
4642041,2,Soler,Joana,12/05/1935,Rodríguez,Sra.,ES,CASADO,9354764369,84358426112
4642042,2,Soler,Joana,12/05/1935,Rodríguez,Sra.,ES,CASADO,9354764369,84358426112
4642043,2,Soler,Joana,12/05/1935,Rodríguez,Sra.,ES,CASADO,9354764369,84358426112
4642044,2,Soler,Joana,12/05/1935,Rodríguez,Sra.,ES,CASADO,9354764369,84358426112
4642045,2,Soler,Joana,12/05/1935,Rodríguez,Sra.,ES,CASADO,9354764369,84358426112
4642046,2,Soler,Joana,12/05/1935,Rodríguez,Sra.,ES,CASADO,9354764369,84358426112
4642047,2,Soler,Joana,12/05/1935,Rodríguez,Sra.,ES,CASADO,9354764369,84358426112
4642048,2,Soler,Joana,12/05/1935,Rodríguez,Sra.,ES,CASADO,9354764369,84358426112
4642049,2,Soler,Joana,12/05/1935,Rodríguez,Sra.,ES,CASADO,9354764369,84358426112
4642050,2,Soler,Joana,12/05/1935,Rodríguez,Sra.,ES,CASADO,9354764369,84358426112
4642051,2,Soler,Joana,12/05/1935,Rodríguez,Sra.,ES,CASADO,9354764369,84358426112
4642052,2,Soler,Joana,12/05/1935,Rodríguez,Sra.,ES,CASADO,9354764369,84358426112
4642053,2,Soler,Joana,12/05/1935,Rodríguez,Sra.,ES,CASADO,9354764369,84358426112
4642054,2,Soler,Joana,12/05/1935,Rodríguez,Sra.,ES,CASADO,9354764369,84358426112
4642055,2,Soler,Joana,12/05/1935,Rodríguez,Sra.,ES,CASADO,9354764369,84358426112
4642056,2,Soler,Joana,12/05/1935,Rodríguez,Sra.,ES,CASADO,9354764369,84358426112
4642057,2,Soler,Joana,12/05/1935,Rodríguez,Sra.,ES,CASADO,9354764369,84358426112
4642058,2,Soler,Joana,12/05/1935,Rodríguez,Sra.,ES,CASADO,9354764369,84358426112
4642059,2,Soler,Joana,12/05/1935,Rodríguez,Sra.,ES,CASADO,9354764369,84358426112
4642060,2,Soler,Joana,12/05/1935,Rodríguez,Sra.,ES,CASADO,9354764369,84358426112
4642061,2,Soler,Joana,12/05/1935,Rodríguez,Sra.,ES,CASADO,9354764369,84358426112
4642062,2,Soler,Joana,12/05/1935,Rodríguez,Sra.,ES,CASADO,9354764369,84358426112
4642063,2,Soler,Joana,12/05/1935,Rodríguez,Sra.,ES,CASADO,9354764369,84358426112
4642064,2,Soler,Joana,12/05/1935,Rodríguez,Sra.,ES,CASADO,9354764369,84358426112
4642065,2,Soler,Joana,12/05/1935,Rodríguez,Sra.,ES,CASADO,9354764369,84358426112
4642066,2,Soler,Joana,12/05/1935,Rodríguez,Sra.,ES,CASADO,9354764369,84358426112
4642067,2,Soler,Joana,12/05/1935,Rodríguez,Sra.,ES,CASADO,9354764369,84358426112
4642068,2,Soler,Joana,12/05/1935,Rodríguez,Sra.,ES,CASADO,9354764369,84358426112
4642069,2,Soler,Joana,12/05/1935,Rodríguez,Sra.,ES,CASADO,9354764369,84358426112
4642070,2,Soler,Joana,12/05/1935,Rodríguez,Sra.,ES,CASADO,9354764369,84358426112
4642071,2,Soler,Joana,12/05/1935,Rodríguez,Sra.,ES,CASADO,9354764369,84358426112
4642072,2,Soler,Joana,12/05/1935,Rodríguez,Sra.,ES,CASADO,9354764369,84358426112
4642073,2,Soler,Joana,12/05/1935,Rodríguez,Sra.,ES,CASADO,9354764369,84358426112
4642074,2,Soler,Joana,12/05/1935,Rodríguez,Sra.,ES,CASADO,9354764369,84358426112
4642075,2,Soler,Joana,12/05/1935,Rodríguez,Sra.,ES,CASADO,9354764369,84358426112
4642076,2,Soler,Joana,12/05/1935,Rodríguez,Sra.,ES,CASADO,9354764369,84358426112
4642077,2,Soler,Joana,12/05/1935,Rodríguez,Sra.,ES,CASADO,9354764369,84358426112
4642078,2,Soler,Joana,12/05/1935,Rodríguez,Sra.,ES,CASADO,9354764369,84358426112
4642079,2,Soler,Joana,12/05/1935,Rodríguez,Sra.,ES,CASADO,9354764369,84358426112
4642080,2,Soler,Joana,12/05/1935,Rodríguez,Sra.,ES,CASADO,9354764369,84358426112
4642081,2,Soler,Joana,12/05/1935,Rodríguez,Sra.,ES,CASADO,9354764369,84358426112
4642082,2,Soler,Joana,12/05/1935,Rodríguez,Sra.,ES,CASADO,9354764369,84358426112
4642083,2,Soler,Joana,12/05/1935,Rodríguez,Sra.,ES,CASADO,9354764369,84358426112
4642084,2,Soler,Joana,12/05/1935,Rodríguez,Sra.,ES,CASADO,9354764369,84358426112
4642085,2,Soler,Joana,12/05/1935,Rodríguez,Sra.,ES,CASADO,9354764369,84358426112
4642086,2,Soler,Joana,12/05/1935,Rodríguez,Sra.,ES,CASADO,9354764369,84358426112
4642087,2,Soler,Joana,12/05/1935,Rodríguez,Sra.,ES,CASADO,9354764369,84358426112
4642088,2,Soler,Joana,12/05/1935,Rodríguez,Sra.,ES,CASADO,9354764369,84358426112
4642089,2,Soler,Joana,12/05/1935,Rodríguez,Sra.,ES,CASADO,9354764369,84358426112
4642090,2,Soler,Joana,12/05/1935,Rodríguez,Sra.,ES,CASADO,9354764369,84358426112
4642091,2,Soler,Joana,12/05/1935,Rodríguez,Sra.,ES,CASADO,9354764369,84358426112
4642092,2,Soler,Joana,12/05/1935,Rodríguez,Sra.,ES,CASADO,9354764369,84358426112
4642093,2,Soler,Joana,12/05/1935,Rodríguez,Sra.,ES,CASADO,9354764369,84358426112
4642094,2,Soler,Joana,12/05/1935,Rodríguez,Sra.,ES,CASADO,9354764369,84358426112
4642095,2,Soler,Joana,12/05/1935,Rodríguez,Sra.,ES,CASADO,9354764369,84358426112
4642096,2,Soler,Joana,12/05/1935,Rodríguez,Sra.,ES,CASADO,9354764369,84358426112
4642097,2,Soler,Joana,12/05/1935,Rodríguez,Sra.,ES,CASADO,9354764369,84358426112
4642098,2,Soler,Joana,12/05/1935,Rodríguez,Sra.,ES,CASADO,9354764369,84358426112
4642099,2,Soler,Joana,12/05/1935,Rodríguez,Sra.,ES,CASADO,9354764369,84358426112
4642100,2,Soler,Joana,12/05/1935,Rodríguez,Sra.,ES,CASADO,9354764369,84358426112
4642101,2,Soler,Joana,12/05/1935,Rodríguez,Sra.,ES,CASADO,9354764369,84358426112
4642102,2,Soler,Joana,12/05/1935,Rodríguez,Sra.,ES,CASADO,9354764369,84358426112
4642103,2,Soler,Joana,12/05/1935,Rodríguez,Sra.,ES,CASADO,9354764369,84358426112
4642104,2,Soler,Joana,12/05/1935,Rodríguez,Sra.,ES,CASADO,9354764369,84358426112
4642105,2,Soler,Joana,12/05/1935,Rodríguez,Sra.,ES,CASADO,9354764369,84358426112
4642106,2,Soler,Joana,12/05/1935,Rodríguez,Sra.,ES,CASADO,9354764369,84358426112
4642107,2,Soler,Joana,12/05/1935,Rodríguez,Sra.,ES,CASADO,9354764369,84358426112
4642108,2,Soler,Joana,12/05/1935,Rodríguez,Sra.,ES,CASADO,9354764369,84358426112
4642109,2,Soler,Joana,12/05/1935,Rodríguez,Sra.,ES,CASADO,9354764369,84358426112
4642110,2,Soler,Joana,12/05/1935,Rodríguez,Sra.,ES,CASADO,9354764369,84358426112
4642111,2,Soler,Joana,12/05/1935,Rodríguez,Sra.,ES,CASADO,9354764369,84358426112
4642112,2,Soler,Joana,12/05/1935,Rodríguez,Sra.,ES,CASADO,9354764369,84358426112
4642113,2,Soler,Joana,12/05/1935,Rodríguez,Sra.,ES,CASADO,9354764369,84358426112
4642114,2,Soler,Joana,12/05/1935,Rodríguez,Sra.,ES,CASADO,9354764369,84358426112
4642115,2,Soler,Joana,12/05/1935,Rodríguez,Sra.,ES,CASADO,9354764369,84358426112
4642116,2,Soler,Joana,12/05/1935,Rodríguez,Sra.,ES,CASADO,9354764369,84358426112
4642117,2,Soler,Joana,12/05/1935,Rodríguez,Sra.,ES,CASADO,9354764369,84358426112
4642118,2,Soler,Joana,12/05/1935,Rodríguez,Sra.,ES,CASADO,9354764369,84358426112
4642119,2,Soler,Joana,12/05/1935,Rodríguez,Sra.,ES,CASADO,9354764369,84358426112
4642120,2,Soler,Joana,12/05/1935,Rodríguez,Sra.,ES,CASADO,9354764369,84358426112
4642121,2,Soler,Joana,12/05/1935,Rodríguez,Sra.,ES,CASADO,9354764369,84358426112
4642122,2,Soler,Joana,12/05/1935,Rodríguez,Sra.,ES,CASADO,9354764369,84358426112
4642123,2,Soler,Joana,12/05/1935,Rodríguez,Sra.,ES,CASADO,9354764369,84358426112
4642124,2,Soler,Joana,12/05/1935,Rodríguez,Sra.,ES,CASADO,9354764369,84358426112
4642125,2,Soler,Joana,12/05/1935,Rodríguez,Sra.,ES,CASADO,9354764369,84358426112
4642126,2,Soler,Joana,12/05/1935,Rodríguez,Sra.,ES,CASADO,9354764369,84358426112
4642127,2,Soler,Joana,12/05/1935,Rodríguez,Sra.,ES,CASADO,9354764369,84358426112
4642128,2,Soler,Joana,12/05/1935,Rodríguez,Sra.,ES,CASADO,9354764369,84358426112
4642129,2,Soler,Joana,12/05/1935,Rodríguez,Sra.,ES,CASADO,9354764369,84358426112
4642130,2,Soler,Joana,12/05/1935,Rodríguez,Sra.,ES,CASADO,9354764369,84358426112
4642131,2,Soler,Joana,12/05/1935,Rodríguez,Sra.,ES,CASADO,9354764369,84358426112
4642132,2,Soler,Joana,12/05/1935,Rodríguez,Sra.,ES,CASADO,9354764369,84358426112
4642133,2,Soler,Joana,12/05/1935,Rodríguez,Sra.,ES,CASADO,9354764369,84358426112
4642134,2,Soler,Joana,12/05/1935,Rodríguez,Sra.,ES,CASADO,9354764369,84358426112
4642135,2,Soler,Joana,12/05/1935,Rodríguez,Sra.,ES,CASADO,9354764369,84358426112
4642136,2,Soler,Joana,12/05/1935,Rodríguez,Sra.,ES,CASADO,9354764369,84358426112
4642137,2,Soler,Joana,12/05/1935,Rodríguez,Sra.,ES,CASADO,9354764369,84358426112
4642138,2,Soler,Joana,12/05/1935,Rodríguez,Sra.,ES,CASADO,9354764369,84358426112
4642139,2,Soler,Joana,12/05/1935,Rodríguez,Sra.,ES,CASADO,9354764369,84358426112
4642140,2,Soler,Joana,12/05/1935,Rodríguez,Sra.,ES,CASADO,9354764369,84358426112
4642141,2,Soler,Joana,12/05/1935,Rodríguez,Sra.,ES,CASADO,9354764369,84358426112
4642142,2,Soler,Joana,12/05/1935,Rodríguez,Sra.,ES,CASADO,9354764369,84358426112
4642143,2,Soler,Joana,12/05/1935,Rodríguez,Sra.,ES,CASADO,9354764369,84358426112
4642144,2,Soler,Joana,12/05/1935,Rodríguez,Sra.,ES,CASADO,9354764369,84358426112
4642145,2,Soler,Joana,12/05/1935,Rodríguez,Sra.,ES,CASADO,9354764369,84358426112
4642146,2,Soler,Joana,12/05/1935,Rodríguez,Sra.,ES,CASADO,9354764369,84358426112
4642147,2,Soler,Joana,12/05/1935,Rodríguez,Sra.,ES,CASADO,9354764369,84358426112
4642148,2,Soler,Joana,12/05/1935,Rodríguez,Sra.,ES,CASADO,9354764369,84358426112
4642149,2,Soler,Joana,12/05/1935,Rodríguez,Sra.,ES,CASADO,9354764369,84358426112
4642150,2,Soler,Joana,12/05/1935,Rodríguez,Sra.,ES,CASADO,9354764369,84358426112
4642151,2,Soler,Joana,12/05/1935,Rodríguez,Sra.,ES,CASADO,9354764369,84358426112
4642152,2,Soler,Joana,12/05/1935,Rodríguez,Sra.,ES,CASADO,9354764369,84358426112
4642153,2,Soler,Joana,12/05/1935,Rodríguez,Sra.,ES,CASADO,9354764369,84358426112
4642154,2,Soler,Joana,12/05/1935,Rodríguez,Sra.,ES,CASADO,9354764369,84358426112
4642155,2,Soler,Joana,12/05/1935,Rodríguez,Sra.,ES,CASADO,9354764369,84358426112
4642156,2,Soler,Joana,12/05/1935,Rodríguez,Sra.,ES,CASADO,9354764369,84358426112
4642157,2,Soler,Joana,12/05/1935,Rodríguez,Sra.,ES,CASADO,9354764369,84358426112
4642158,2,Soler,Joana,12/05/1935,Rodríguez,Sra.,ES,CASADO,9354764369,84358426112
4642159,2,Soler,Joana,12/05/1935,Rodríguez,Sra.,ES,CASADO,9354764369,84358426112
4642160,2,Soler,Joana,12/05/1935,Rodríguez,Sra.,ES,CASADO,9354764369,84358426112
4642161,2,Soler,Joana,12/05/1935,Rodríguez,Sra.,ES,CASADO,9354764369,84358426112
4642162,2,Soler,Joana,12/05/1935,Rodríguez,Sra.,ES,CASADO,9354764369,84358426112
4642163,2,Soler,Joana,12/05/1935,Rodríguez,Sra.,ES,CASADO,9354764369,84358426112
4642164,2,Soler,Joana,12/05/1935,Rodríguez,Sra.,ES,CASADO,9354764369,84358426112
4642165,2,Soler,Joana,12/05/1935,Rodríguez,Sra.,ES,CASADO,9354764369,84358426112
4642166,2,Soler,Joana,12/05/1935,Rodríguez,Sra.,ES,CASADO,9354764369,84358426112
4642167,2,Soler,Joana,12/05/1935,Rodríguez,Sra.,ES,CASADO,9354764369,84358426112
4642168,2,Soler,Joana,12/05/1935,Rodríguez,Sra.,ES,CASADO,9354764369,84358426112
4642169,2,Soler,Joana,12/05/1935,Rodríguez,Sra.,ES,CASADO,9354764369,84358426112
4642170,2,Soler,Joana,12/05/1935,Rodríguez,Sra.,ES,CASADO,9354764369,84358426112
4642171,2,Soler,Joana,12/05/1935,Rodríguez,Sra.,ES,CASADO,9354764369,84358426112
4642172,2,Soler,Joana,12/05/1935,Rodríguez,Sra.,ES,CASADO,9354764369,84358426112
4642173,2,Soler,Joana,12/05/1935,Rodríguez,Sra.,ES,CASADO,9354764369,84358426112
4642174,2,Soler,Joana,12/05/1935,Rodríguez,Sra.,ES,CASADO,9354764369,84358426112
4642175,2,Soler,Joana,12/05/1935,Rodríguez,Sra.,ES,CASADO,9354764369,84358426112
4642176,2,Soler,Joana,12/05/1935,Rodríguez,Sra.,ES,CASADO,9354764369,84358426112
4642177,2,Soler,Joana,12/05/1935,Rodríguez,Sra.,ES,CASADO,9354764369,84358426112
4642178,2,Soler,Joana,12/05/1935,Rodríguez,Sra.,ES,CASADO,9354764369,84358426112
4642179,2,Soler,Joana,12/05/1935,Rodríguez,Sra.,ES,CASADO,9354764369,84358426112
4642180,2,Soler,Joana,12/05/1935,Rodríguez,Sra.,ES,CASADO,9354764369,84358426112
4642181,2,Soler,Joana,12/05/1935,Rodríguez,Sra.,ES,CASADO,9354764369,84358426112
4642182,2,Soler,Joana,12/05/1935,Rodríguez,Sra.,ES,CASADO,9354764369,84358426112
4642183,2,Soler,Joana,12/05/1935,Rodríguez,Sra.,ES,CASADO,9354764369,84358426112
4642184,2,Soler,Joana,12/05/1935,Rodríguez,Sra.,ES,CASADO,9354764369,84358426112
4642185,2,Soler,Joana,12/05/1935,Rodríguez,Sra.,ES,CASADO,9354764369,84358426112
4642186,2,Soler,Joana,12/05/1935,Rodríguez,Sra.,ES,CASADO,9354764369,84358426112
4642187,2,Soler,Joana,12/05/1935,Rodríguez,Sra.,ES,CASADO,9354764369,84358426112
4642188,2,Soler,Joana,12/05/1935,Rodríguez,Sra.,ES,CASADO,9354764369,84358426112
4642189,2,Soler,Joana,12/05/1935,Rodríguez,Sra.,ES,CASADO,9354764369,84358426112
4642190,2,Soler,Joana,12/05/1935,Rodríguez,Sra.,ES,CASADO,9354764369,84358426112
4642191,2,Soler,Joana,12/05/1935,Rodríguez,Sra.,ES,CASADO,9354764369,84358426112
4642192,2,Soler,Joana,12/05/1935,Rodríguez,Sra.,ES,CASADO,9354764369,84358426112
4642193,2,Soler,Joana,12/05/1935,Rodríguez,Sra.,ES,CASADO,9354764369,84358426112
4642194,2,Soler,Joana,12/05/1935,Rodríguez,Sra.,ES,CASADO,9354764369,84358426112
4642195,2,Soler,Joana,12/05/1935,Rodríguez,Sra.,ES,CASADO,9354764369,84358426112
4642196,2,Soler,Joana,12/05/1935,Rodríguez,Sra.,ES,CASADO,9354764369,84358426112
4642197,2,Soler,Joana,12/05/1935,Rodríguez,Sra.,ES,CASADO,9354764369,84358426112
4642198,2,Soler,Joana,12/05/1935,Rodríguez,Sra.,ES,CASADO,9354764369,84358426112
4642199,2,Soler,Joana,12/05/1935,Rodríguez,Sra.,ES,CASADO,9354764369,84358426112
4642200,2,Soler,Joana,12/05/1935,Rodríguez,Sra.,ES,CASADO,9354764369,84358426112
4642201,2,Soler,Joana,12/05/1935,Rodríguez,Sra.,ES,CASADO,9354764369,84358426112
